SMILES,pIC50
CC1=CC(O)(CCC(N)=O)C=C1,5.4751186
O=CCC1NC(=O)CC1C#CCF,5.408549
C#CC(NS(N)(=O)=O)C(O)C(O)C=O,5.980434
NC(=O)C1=CC(C(=O)N2CCC2)=C1O,5.642918
CC(O)CC1NC1CC(CO)C(=O)O,4.879435
OC1CC(O)C(O)C1,4.441558
O=C(O)C12C#CC(C3CO3)CC1OCC1(O)C(=O)C1C#C2,6.392911
O=C1[N+]#CN1,4.420728
CCC1(O)NC(C)=NC1=O,5.3988767
CC(=O)C1NC1=O,4.9429097
CCNC(C)C(O)CNC#CO,4.926336
C#CC=C1C(=O)CCC(=O)C(C)=C1CC,4.5294633
N#CC(O)CO,4.6366906
C#CN1CCNC(=O)C(=O)C(C)C1=O,5.153424
COC(OC(C(=O)O)C1CCO1)C1=CC=C1,5.684806
O=C1CC(C(OC2=CC(O)=C2)C(=O)O)=C1Cl,5.278054
C#CC(O)CC(OCS(=O)C(=O)O)=[O+]C#[O+],6.0639954
O=C1C(O)CC(O)C=C=CS1=O,6.389527
C#CN1C(=O)NCC(O)(C#[O+])C12CC2,5.0280724
C#CC(=O)NC1CC(O)C(O)C1O,5.4761376
O=C(O)C1=C(Br)C2(O)C3(C#CN3)C(=O)OC12O,6.3694863
O=NOCCNC(=O)NC#CO,5.0452905
OC#CC(O)C(O)O,5.035101
NC(=O)C(O)C(=O)O,5.2485294
O=C(O)ONC1C(O)C1OCC(O)CCO,4.7212963
ClC1=C2C(C3=COCC3)=C12,5.660455
O=C(O)CC(=O)C#CO,4.7149124
CC1C#CC(=O)C#[N+]C(=N)NC(=O)N=C1,5.554118
C=CCCCC1=CCCC(C(=O)F)C1,6.1873984
OC1C2CC(O)C(O)(S2)C1O,4.9296846
OCC1OC(CN(O)C2CC2O)C1O,4.779722
N#CC(=O)C(=O)O,5.3480287
CC(C#[SH]=O)C(O)C(=O)O,5.0545278
O=C1C2=C(C(O)=C2Cl)C2CN12,6.0106363
NC(=O)C(C(=O)O)C(N)N,5.3512516
NC1=NC(Br)=C1,6.4389253
NC1N=C2CCC1C#[N+]C(=O)C2,4.9672103
N#CC(=N)NS(=O)(=O)CCC1CCN1,6.228928
CC#CC(=O)O,5.0844445
N#CC1NC(C2CO2)=C1OS(#N)=O,6.260141
CC1NSC[SH]1(N)=O,5.2830553
O=C1[N+]#CNC2=CC1=C2,4.533822
COCC=CC1C=CC#CCCC#[N+]CCC1,6.3821797
OC1CNCC1O,4.4297676
NCCC1OC(=O)C#CS1(=O)=O,5.8590584
C=NC1CC=C(S)C(=O)N(O)CCC1,6.855522
CC1CN=C2ON1CC21NC(=O)C1S,5.907927
COCC(C1=CC1O)C1CO1,5.9197793
O=[SH](=O)OC(F)(F)C=S1CCC(F)(F)C1,5.462743
NC(=O)CC(C(F)(F)C(=O)O)C1(O)CC1O,5.386556
CCC1=C(C2CCC#[N+]C2=O)C(C2CC2)CC1,5.458593
O=C(O)OC(=O)C(O)C(O)CC(O)C(O)C(=O)O,4.6446695
O=C1N[SH]2(=O)NC3=C2C=C3N2CC1C2=O,6.3360085
C#COCCCN(C=O)C(=O)C(O)OC,5.248762
O=C1CC#CC2C(O)C(CC3(C#[N+]O)C=C13)C2O,5.4502068
CC1=C2C=C1n1cc2cc1[N+]#CC#N,4.6149664
CC(OC(O)C(=O)O)C1C(=O)CN1C(=O)C(O)C=O,6.3873386
O=C1CNCCC(O)C(N2N=C2S)SCN1,5.750861
C[O+]=C(NC(=O)C=N)C1NC1=O,5.007388
CS(=O)OC#CS(=O)(=O)O,5.2019167
CCOC(O)=C(CC1CCC(C)C(O)C1O)C(C)O,5.6140146
N=C(C=O)OCCC(=O)C(N)=O,5.482399
N=C1NC(=O)NCC2=C(N1)[SH](N)(=O)C2,6.259103
C#CC(C#N)C(N)C(=O)OCC(=O)O,4.8197556
CC(=O)NC(=O)N1CC(C2CC2)C1=O,5.686422
CO[IH]C(C(=O)O)C(O)C(=S)N(O)O,5.3037596
CN1CCCC(O)CC1S,4.695757
CC1CN=C(O)C(O)(F)[SH](C)(=O)N1,5.575386
C#CN(CC(C(N)=O)C(O)C=N)C(=O)C(N)=O,5.738989
NC(=O)C(N)C(N)=O,4.8933096
CC#CN(CCN)S(C)=O,5.81648
O=C(O)C(=O)NC1C(C(=O)O)=CC1O,6.0494785
NC1C2NC(C=O)C=C(N[SH](=O)=O)C12,6.4627714
NC(=O)C(CCc1ccncn1)C(=O)O,6.352738
OC(O)C(O)C1(O)CC(O)C1O,4.68386
N#S(=O)OC1CC(O)CCCNC(=S)NC1=O,6.349191
OC1CCC=NC2C#COC2C1O,5.20811
N=C(OC1NCC1O)C(O)C(O)O,5.3560386
NCC(=O)F,4.811488
[O+]#CCC1SC2OC12,4.934168
CC(C)C(=O)C(O)CC#N,5.245908
O=CNCCCC1OCCCN=CC1O,5.232704
C[O+]=C1CC1OC#CC(=O)O,6.035101
ON=C(O)C#[SH],4.895981
O=C1OC#C[N+]#CCCC2OC1(O)OC2O,5.852175
C#CC1(NC#N)C2CCC(C2)OS1(=O)=O,6.542901
OCN(O)C(C(O)O)C(O)C(O)O,4.5660067
N#CC1=C2C=CCNC(C(O)CCF)C#CC12,5.3990664
CC(O)C(N)=[SH]C(N)=NC(C=O)=CCO,5.024427
CCOCC1CCC1CCCO,4.776501
CC1(CC(=O)O)CC1=O,5.870796
OCC1(O)CCC2(O)CCC1C2,4.608034
CC1C2C(N=[N+]1NC(N)=O)NS2(=O)=O,5.681482
C#CC1=C(O)CCC2(CC(O)C2O)O1,4.851669
CC(O)CC(O)C1CC2CCNC21,4.7896476
C#COCCNC1=C(C)C=N1,4.530087
O=CN=C1NC(=O)C2CSC1C2,4.9179077
CC(CS(=O)(=O)O)=C(O)C1NC1=O,5.4985113
O=C(S)SC#CCCCCO,5.0518947
C1#[N+]CCCC1,4.3812866
O=C1CC(O)C#[N+]1,4.451118
ClC1=CC=C2C=CC=CC=CC(=N1)OC2,4.58891
C1#[N+]C2CC3=CC(=C13)C2,4.9274178
O=C(O)CC1C=CC=CCC1,5.262834
N#S(=O)CCNCCCN,5.1188784
O=C(C(O)=C(O)C1CC(CCO)O1)S(=O)O,6.077969
CC(O)C(O)C(O)CC(O)NC1(N)CNC1N,4.725113
C[N+]#CC(N)(C#N)CC(O)C#[O+],4.816238
O=[SH](=O)CCNC1=NC2(F)CC3NCC(=C32)C1,6.7444468
C#CC#CC(=COC)C(=O)O,5.5674014
OC1CC(F)C1F,4.4428077
CC(=O)NCC(C)c1ccc(O)c2c(C(=O)O)c-2oc1,5.992395
O=C(O)Cc1cc2c(O)nc(=O)c1=2,5.1040936
NC(NO)C(=O)C(=O)O,4.5320807
CC(C=O)C(O)(C[SH](=O)=O)OC(=O)C(=O)C#[O+],5.734725
C#CCC1(C=O)CNC(C#CC(O)O)C1=O,5.3376412
OC#CC(O)C1(O)CC1CO,5.068852
CC(O)(O)CCO,4.672299
NC1C2=C3C2=CCCN(C(=O)F)C12OC1C3OC3(O)C1C32,6.458635
CC1CCCCS(=O)(O)(O)C1,5.4755926
CC(O)CC1OCC=NC(=O)C1CO,4.96459
COC1=CC12CC1CN(C2)C1C,5.598665
CNCC(O)C(O)(O)C(O)C#[O+],5.1347003
O=C1C#CC(=O)C(C(=O)O)CCCC(O)C#[N+]1,5.2467747
CCN1C2=C(Br)N2C(C(O)C(=O)O)NC1C,6.996052
CCC#CC(Cl)CNS(=O)CCNCC#N,5.9381676
CCCCC(C#[O+])C(=O)O,5.4573717
N#CCC1C#[N+]CC(=O)NC1,4.906906
O=S(O)C1OC(O)C(O)C1O,5.269091
O=CNC#[O+],5.024604
C[N+]#CCC(CCNC(=O)O)C(=O)O,5.414285
O=C1CC#CC=C(O)C(=O)C2CC(C1)N2,4.826013
O=C1C2C#CN2CC(O)C2(O)OC12,5.9577956
Nc1cc(O)cc(Cl)n1,5.58114
O=C(CC(Cl)Br)NCCCCCO,4.974277
N#CNC=[O+]C#CC(=O)O,5.190215
CC12CC(=O)C(N1)C(=O)N2,5.87101
O=C(O)C#CC1OCC2OC3CC2CC3([SH](=O)=O)O1,6.7144933
CC(O)CC(O)C=C(O)C(=O)OC#CO,4.877386
CC(CC(O)C(=O)O)C(O)C(=O)O,4.714829
O=C1CC2OC2OC(C(O)C(=O)O)O1,5.9007993
C#CN(CC1CCC[N+]#CC1O)C(=O)O,4.810238
N#CC(=O)Nc1c(CCC=O)c1=O,6.592472
O=C(O)CC=CCO,4.5573516
OCCC1CC(O)C2(O)CCCC2(O)CC1O,4.8255615
CC#CSC(C)=O,5.2250276
[O+]#CC(C(O)CO)C(O)(O)CO,4.836514
O=C1C2OCC3NC2NN13,5.2846904
O=C1NC(O)CCCN2CCN1[SH]2#[O+],6.0722013
O=CC(O)C(O)CC1C2NC1C2OCCO,5.0346613
O=C(O)C1CC(O)C(C(O)O)[N+](=O)N1,6.3212132
O=C(O)C(O)C(O)C=NCO,4.9845295
CC(=O)NCS(=O)CN=[N+]=N,5.352623
CC(O)NC(C=C1CCN1)C(O)O,5.115447
CC(O)C(O)CNC(=N)N(O)CC1=CO1,4.8472166
N#CCS(=O)(=O)CN,5.6092916
CC(CO)CCONC1CNOC1OC(C)O,5.3809013
Cc1nc2cc(c1CC(C)O)OC(=O)N2C=O,4.7637196
O=CCSC1OCCC12COC2=O,5.398805
O=c1[nH]c2c3c(NCCF)cccc3c1=2,5.4212575
CC(C)C(O)CC1=CC1(O)O,6.029228
C#CN=c1[nH]c1=O,4.996341
CCC=CCC(=NC)NC=CO,4.861879
C#CCCC(=O)NC(N)=O,5.678771
CC1C2=C3NC(OS(=O)(=O)O)COC4C5C2=C3OC5C14,6.0343018
C#COCC(=O)C#CCO,4.4509616
O=[SH]C(OC(=O)C(O)C1CC1)C(O)CO,5.3528786
CC1(CC(O)C=O)C2C=C(C2)C(=N)C1C(=O)N1C=C1N,6.4207926
CC#CC1CC(N(C=O)CC=N)O1,6.1673126
O=C(O)C(O)C(O)C#[N+]O,5.3918424
O=C(O)CC(=O)O,4.491335
O=C1CC=CC(O)CCN1,4.7439494
O=C1CC(O)CC2C[SH](=O)(O)N12,6.4377947
C#CN1OC(S#N)(C(C)(C#N)CCCC#N)N=C1O,6.692504
COC1=CC(S)C([N+]#N)C1O,5.213661
O=CCNCC(=O)C(=O)O,5.0900445
CC(C)C1C=C(N2C=N2)CNC(=O)C1,5.0778537
CC(=O)C(C)NC(C#[N+]C#N)CS(#N)=O,5.8808155
C=C1C(C(=O)O)OC1C(O)C(C)NO,6.1166086
O=C1NCCNCC(O)C(C(=O)O)CC#CC1O,5.3506603
N#CC1SC(O)C(O)CCOC1=O,4.9796805
N#CCC(O)C(N)CCOC(O)(O)O,5.005353
CC(O)C1C=C(CC=O)C1C(=O)O,5.3513546
O=CC(=O)CC#C[SH](=O)=O,6.021842
OC(O)C1(O)C(O)C1O,4.565879
C#CC(O)(C(=O)OC#[SH])C(O)CN,5.0957713
N=C(N)C1NC(CC(N)=O)C1NC=O,6.3232784
CC1NC(=O)C(N)C2=C(O2)S(=O)(=O)C(C#N)=C1O,7.033861
OCC(O)C(CNC1CC#CC1O)C1CNC=[SH]1,5.71263
O=C(O)C1(Oc2coo2)OC1=O,4.669959
NC1CCNC(=O)C2C=CC2S1,5.658997
N#CC(O)C(=O)O,5.0373955
O=S1CCCS1,5.8139563
CC[N+]#CC(O)CC(O)NC,5.0041943
NC(=O)C1C[N+]#CNC(=O)[N+]#CC(O)CO1,5.4647226
C#COCC(C#C)CS(=O)(=O)OCCO,5.8806067
CN(C#CC(Cl)(Cl)Cl)C=O,5.2955565
CNC(=O)CC[SH]1CC2CC3=C(N=C1S3=O)C2=O,7.117836
O=C1C#CC(=O)N1,4.313028
NC1CC(OS#[O+])C(C=O)NC1=O,6.6596594
CCCOC(=O)SS(=O)#[N+]C(=O)CC(C#N)C(N)=O,6.490721
O=C1C2=CC3NC2C(O)C(O)C(O)CC13O,5.1332803
CC(NC1CCCC1O)C(=O)O,4.8811345
O=C(O)C(=O)C(=O)C1OC(O)C2CC3CC2N3C1CO,5.062578
C#COC1=NCC([SH](=O)=O)C2(O)C(NC=O)C12,6.5171223
CNCC1(O)OCC(=O)NCC1O,5.9710183
N#CCC1OC23CC(CC2C3)OC1=O,5.279166
C#CCC(O)=C(O)C#CCC=O,5.136365
O=C(O)C(O)C(O)C(=O)O,4.6040807
OC1=CC(O)C(O)CC2OC13CC2O3,5.8711433
NC(CO)=NOCC(O)CO,4.9115047
OC(O)C(O)C(O)C1CO1,4.7339272
COC(=O)NC(O)C1(CO)CC1O,5.05972
CCCC1OC2CC(=O)[N+]#CC3(C(=O)O)C(O)C123,5.734069
C=CC1=CC1NC(=O)CC(=O)NC(=S)CC,4.977579
N#CC(NN)C(C(O)O)C(O)C(O)=S,5.6471295
CC1(CC#N)C(=O)CC[SH]1C1=CC(O)C(O)=C1,6.2264643
N#CCCC#N,4.519044
CCN=C(O)CC(N)C(O)CC(O)CC(O)C1CC1O,5.3749747
CNCCC(F)C(O)C(F)(F)F,4.7009063
CC(N)CSc1cnno1,4.979244
NC=C1C(C#[O+])C1C(=O)C(O)O,6.7117395
O=C(O)C1C2C#CC(O)C3=CC3OC21,6.20704
OC1C2C3OC4(O)OC1(O)C2OC34,5.446929
O=C(O)C1(O)C#CC2CC1(C(=O)O)C(=O)CCO2,6.0258045
CNC#CNCC(=O)OC#CCO,4.9774656
N#CCOC1=C(C(=O)O)C=C1,5.208731
O=C1NC(C(O)CO)=C=C1NCCO,4.8278074
CCC(O)CC1(C)CCC2C(=O)NC1CC2O,5.0723577
C1NC2C3OC3OC(O1)C2N1CC1,4.9971876
CCC(C)CC#CCCC(C)C,4.965898
CC(C#CO)C(O)C(C#N)N[SH](=O)=O,5.8890266
C#COCC1=NC1(O)C(C)O,6.1984587
CSNC1(C#CN)COC(CO)C1,5.4031086
N#S(=O)C1=C(Cl)C(CN[SH](=O)=O)=C1,6.1008973
OC1C=NCC1,4.8323083
C#[N+]C(=O)c1ccc(O)cc(Cl)c1=O,5.7735624
CC1(O)SCCNC(=O)C1=O,5.7736096
O=S(=O)(O)C1=NC=C1,4.84264
C#CNC(C)CC1NC#CC(=O)NC1=O,5.9644814
CC(O)CC(O)C1(O)CNC1=O,4.9137278
O=C1C2NC2SC(O)C(O)C(O)N1O,5.551457
N#CC(=CC(N)=O)NC(=O)OC(CS)CBr,5.473929
CS1=[SH](=O)OCC1,5.6266327
N#CS(=O)C(O)C(=O)C1CC(=O)O1,6.429331
C#CCC(O)C(O)=NCC1CC1,5.1435227
C[N+](F)=C([N+]#N)[SH]=O,5.7079206
C1=NC(c2cnc3nc2-3)=N1,4.80182
NCC(O)CC(N)C(N)C(=O)O,4.6200743
O=C1CC1OC(Br)C(O)C#CO,5.5914016
O=C1NC2C3OCC23C1C(O)CO,5.3418674
O=C1CCCC=C2C3CC2(CO)C1C3O,5.5543194
CC(=O)C(C)N=C1COC2=C(N=C2)N1,4.7669525
C#CN(C)C(CC(C)=O)CC(N)=O,5.9035172
C#CC(C(NO)C(=O)O)S(=O)O,5.9054437
FC1CCCOCC1,4.4858656
C#CCOC1CC2CCC21C,4.702398
NC(CO)C(N)C(=O)O,4.5656147
C#COCC(C)C(=O)[SH](=O)=O,6.2062054
NC(=O)NS(=O)(=O)O,5.023692
N#CC1OC(=O)OC2CC2C(C(O)O)O1,5.335123
O=NCC(O)CC(O)(O)CO,4.815588
O=C1C(O)C(O)C#CC1S(=O)O,6.4041996
CC(C#N)(N[SH](C)(=O)C[SH]=O)C(N)=O,5.60454
FC(I)C([N+]#[SH])C1=CC=C1,5.109435
N#CC(N)CCCC(=O)O,5.0351863
N#SC(CO)CNC(=O)C1(C(=O)O)CC(=O)N2C3N[SH]3(=O)N21,6.5589113
N#CCC(C#[O+])C(N=C(O)CO)C(=N)N,5.753059
NC1=CC1(Cl)CCCS(=O)(=O)O,6.108708
C#[N+]CC1NC(=O)NC1CC(=O)O,5.4641104
C#CC1CC2C=C1CCCCC2(C)CC#[O+],5.0249367
C#CC1=CC(C#C)=C2C=C2C=C1C(=O)F,5.698211
OC1=C2OCCOCC1=CCC2O,5.115448
OC1SN2CCN2NC1S,4.8780622
CC(O)CC1C#COC=CC=C1,5.2066455
c1cc2n(n1)N=N2,4.281613
C#C[SH](N)(=O)CNC(=O)C(=O)C=O,5.612604
CC1C=CC(=O)CCC2(CC2)C1=O,6.4273105
C#CCC(F)(F)C(=O)O,4.854555
N#CC(=O)N(C(=O)C(O)O)C1C(O)C1O,4.8392577
N#CC(O)CN,4.6416807
N#CCC(O)C1=NC(S#N)=C1O,5.030969
NC1=C(CF)C(Cl)(N2CC(Br)C2)C=N1,6.1351027
CC1CCC(=O)N1,4.8109703
N#S(=O)N1CCC12C#CC2,5.7521214
N=NOCC1C(O)C1O,5.199065
CC(=O)NC(COC(=O)S)CC(O)O,5.3441663
NC12C(=O)OCC(O)C1(O)C1C(=O)N12,5.8171577
N[O+]1CC2OC1(C(O)C(O)OC#[O+])C2O,5.442641
O=C(CO)C(O)C(=O)OCCC1=CCC1,5.228648
O=C(O)C(=O)OCC(F)(F)C1=CC=C1O,4.4814806
O=C(CC1CCC1=O)C(O)C#CC1=CCC1,5.215985
O=S1(=O)CNCC12C=CSC(CO)CC2,5.9348073
C[N+]#CN=Cc1ccccc1Cl,5.559107
COC1C(=O)CCNC(=O)C1O,5.7901335
N#CCC1CC(=O)NS1=O,6.4969835
C#CC(O)CC(O)C#CN(C#N)C(=O)F,5.096244
C#CNC#C,4.763191
O=C1OC#CNC2(O)OC(O)COC12,5.5482802
CC1(SCC2CC2)CC#[N+]C1=O,4.9895062
CC(O)CCO,4.560405
CC(=O)NC1C(NC(C)C=O)OCCC2OC(=O)C1O2,6.470896
O=C(CC=CO)C1=C2CC1N2,6.178795
C#CCCC(N)S(=O)(=O)OC(N)C#[O+],5.826214
COCCC(=C(O)C#N)C(O)C#N,5.7260704
CCCC(C)(N)C1COC(=O)C1C,4.8914466
N=C1C(N)CCN1CC=NCC[SH](=O)=O,6.3396807
O=[SH]1(O)CC(O)C1N(CO)NO,5.1928587
C#CCC(=O)C1C(=O)OC1=O,5.0838947
CC(O)C(=O)CC(O)CC(=O)NC#N,5.403286
O=C(O)C(=O)O,4.5048122
NS(=O)NCCCO,5.1071377
O=CC1=C(C#CC(=O)F)C=C1,4.9189425
N#CC(CC(O)C(=O)NS(=O)#[O+])NC=CO,5.891763
NC1CC(=O)C(O)C1OC(=O)O,5.2734575
C#COCC(=O)C(=O)C(O)(C#C)C#N,4.7047744
C#COC1(O)C2=C1C2NC(=O)C(=O)O,7.149834
C#CC(CCCC1CC1)C(C)C(=C)O,5.5870667
CC(CNC(S)C(N)N)C(N)N[SH]=O,5.0535836
CC(C)[N+]#CNC1CC1,5.1984754
C#[N+]C1C2C(=O)CCN12,5.067965
COC(C(=O)O)C(=O)O,4.988386
CC(O)C=CC(CO)NC(=O)C(C)O,4.99072
O=C(O)C1CCO1,5.10845
NCCC(O)C(=O)C#CNC(N)=O,4.877799
O=C1NC1C(O)C1SC2(CCOC2O)CC1=O,6.156642
COc1ccccc1,4.8102326
O=C1NC(O)C2(CC2)OCC1O,5.2088995
CN=C1CC(N)NC1N,5.414121
NCC(CO)CCS(=O)C#CO,5.614939
NC(=O)C1=C2OC(C(F)(F)F)(S1)C2O,6.4307976
CC(O)C#CC(=O)NC(=O)C(C)C,5.0168753
CCC=C1C=CC(=S)C2(C)C=C(N1)C(=O)N2,4.906016
OC(O)C1(O)C(O)CC1O,4.673293
CC1CC2(O[SH](=O)=O)N(O)C(=O)C3C1N32,6.3866873
CC1C(CCCC#CO)=C2CC1CC2=O,5.424885
OCCOCC(O)C(O)O,4.6044807
CC1C2CC3=NC(CF)C2C1C(=O)N3,4.8185196
OC1=CC=C1,4.3182745
Brc1cc2cnc1NC2,5.8994875
CC(C(O)CO)N(CC(O)CO)OC#N,4.8921947
CC(O)C(=O)C1CC(C)(O)C(C=O)C1C=CCO,6.146823
NC(=O)OC1C(O)CNOC(=O)C(O)C1N,5.433982
O=S1C#CN1C1C(O)CC1O,6.3266854
O=S1(=O)N2N=C2CC1(O)C#[SH],5.9842167
O=C1C(O)C23NC(O)C(CO)N(N2)N13,5.486836
O=C(O)CS#CC[SH](=O)=O,5.5834146
CCN(O)CC1NC1C(=O)C(=O)O,5.2899656
O=C(O)C(=O)C(=O)CC1CC2=CC1C2,5.36785
CCOCC(O)C1=NC(CC(Cl)CO)=C1C(F)F,5.2978477
O=C1CCC2C(O)C2OC1C#CCO,5.096404
CC(O)C(O)C1=CCCC#[N+]CC#CC1,4.946278
CC(O)CN1C(=O)C1F,5.700055
O=C1OC1C(O)C(CO)S(=O)O,5.245347
OCC1(O)OC(O)C2CC2CC1O,5.079434
O=S1(=O)N2C3=C(C=C3)OC2C2CCC1(O)C1N[O+]2CCO1,6.2899017
O=C1NCCC2OC12,5.318749
CC(O)C(=O)N=C(O)C1NC1=O,4.526425
C#COCC[N+]#CC1=CC=C1N,5.734752
NCCNC(CO)C(O)C(O)F,4.5289955
NC(=O)C(=O)SC(=O)C(=O)O,5.1243043
O=C(O)C(CCC1CC(O)C1O)C(=O)O,5.1917615
O=C1N2CC1(NC1CNC1)CC(O)O2,5.669076
O=C(O)C1OC1=O,4.696595
O=C(NCC(O)C(O)(O)C(=O)O)C1CN1,5.3852243
NC1C(CO)C(O)(C(=O)O)C12C#CO2,5.707106
NC(=CC(O)C(=O)O)NC1COC1CBr,6.313435
O=S1[O+]=C(O)CC1O,6.145566
N#CC12N=CC=C3OCC(=N1)C=C32,4.9386206
CC1(O)SCC2C=C(O)C(=O)NC1=CC(=O)N2,6.326488
C#CC(=O)NS(N)(=O)=O,5.9665666
O=C(O)SCC(O)C1OC1CO,5.025461
N#CNC(CN)S(=O)N=O,6.077375
OC(O)COC1COCC1O,4.6863403
Cc1cncnc(=O)c1NC=O,4.1422467
OCC(O)C(OO)C(O)C(O)C(O)O,4.6734734
C#CCC1CCC(C)(NC(=O)O)C1O,4.818346
NNOC(=O)C#CO,4.799056
O=S(=O)(O)C1=CN1C#[SH],5.287531
O=C1C2COC(O)(C(=O)O)CC12,6.0811157
OCC(O)CNCC1CC(O)C(O)CN1,4.677898
O=C1CC(O)(O)C2=[O+]CC[N+]12O,6.0008264
O=C(O)C(O)C(O)C1CN1,4.7981105
CC(O)C=CC(N)CO,5.050393
O=C1CC(O)CCCCCN1,4.6946154
NCC(O)(C(=O)O)C(O)CO,4.487008
O=C1NC2CCN3C2CC3C1(O)O,5.2243876
O=[SH](=O)NC1C[O+]=C(O)OCC1(O)Br,5.2413177
NC1OC2(SCCCNC2=O)C1O,5.922888
NC(=O)C(OCS)C(=O)C#CO,5.1834397
[O+]#CC(O)C(CO)C1CCC(C(O)F)O1,4.809559
O=CS(=O)(=O)NC(=O)C1OC2C#CSC1C2,6.4818535
COC(Br)(C(O)C(=O)O)C(O)C1CC1,5.2299943
O=CC1CCC2OCC13C(O)C23,5.43593
C#CS(=O)(=O)N1CC12C(O)C2Cl,5.9654574
NCC(=O)OC(CO)CC(N)O,4.6771603
O=C(O)C(=CS)C1=CC(=O)C(=O)C1,5.016852
O=C1NC#CSC1N1CCC(CO)CC1=O,5.983514
N#CS(=O)(=O)NC1=NC2CCCN2CC1=O,5.935056
NC(=O)C(F)C(NC(=O)F)C(=O)O,5.6997066
C1=C(C2CC2)CCO1,4.6918154
CC1CC2C#CC(=O)NS(N)(=O)=[O+]C1C(=O)O2,6.7368884
O=C(NC1(O)C(=O)C1O)C(O)CO,5.992273
CC(O)CC1(O)CCC(O)C1CO,4.8333125
N#S(=O)c1nc2sc1-2,5.7499075
CC#S(=O)[N+]([O-])=NCCC[N+]#CC#[O+],5.6910973
O=C1OC2C(O)C3N=C(O)C(C3O)C12,4.875981
CCC1(C)CCC(O)C1,4.6891327
NC(CO)CN(O)C=O,4.746737
O=C1OOCC(NC(O)CO)C1O,4.9710603
OC#CC(O)(O)C(O)CO,4.966722
O=[SH]#CNCNC1=CC(O)=C1,4.9573503
N#CC(O)CSC1=CSC(=O)N(CCCN)S1,5.89502
O=C(O)C1=C2C(=O)SC1=C2NC#[SH],6.017585
COC1C[N+]#CCNC1,5.037085
C#CNCCc1cc(Br)co1,7.1535015
O=[N+]1CCO1,4.879367
NC12C[N+]#CC(C1)C(=O)CCNC2=O,5.041241
SC1CC1C#CCn1cc2c3c1NC(C2)C3,5.778606
O=C=C1C2CC1(O)C1OC21,4.976039
N=C(NC#CCO)C1=NC2=NS(=O)C(=C1)N2,6.248523
OC1OC2CC3C2OC3C(O)C(O)C1O,4.6860657
NC1CCC(=O)OC=C1CO,4.5934496
COCI,4.7213407
CC#[N+]CC(C)C#CCCC(O)N(C(C)=O)C(=O)C#N,5.204902
CC1CS(=O)(=O)N=C1NC1=C(F)C(N)=C1,6.6861167
O=C(O)CC(CO)C(=O)C(=O)O,4.972411
C#CC1CC(O)CCC1O,4.5822644
NC(O)C(O)C1CC2C(O)C(OC2(F)F)C1=O,5.751567
CN(CCC#N)CC(O)Br,4.9504037
N=C(c1ccncc1)N(C=O)C=O,4.921277
CCCC1OCC(C#N)[N+]#CNC1C#CO,5.6376266
OCC1(O)SC2OC1CC2O,5.079589
O=S(O)c1cccc(C(O)CO)c1O,5.6203127
OC1CC(O)(O)CNC2(C(O)O)CC1(F)O2,5.077195
N#CC1=CC(C#[O+])=C1NN=O,5.2227683
OC1=CC(O)C2CC(NO1)C(O)S2,5.1247735
[O+]#CC1CC(O)=NC2(C1)C(O)C2O,4.9443645
OCC1(O)OCC(O)CC1O,5.0273123
O=S(NC1=CC1)C1=CC#[N+]CC1O,5.775786
N#CCC(N)C(C(=O)O)C(O)C#N,4.9442825
C#CC(O)C(O)C(CCCC)C(=O)O,5.138427
C=C(N)C(=O)NC(=O)NC1CN(C=CO)C1C,6.0886006
N#CC(=O)OCCC(N)c1ccccn1,5.0584497
NC#CN1C(=O)CC([SH]=O)C2CC21,6.133865
C#CNc1cncnc1,4.9806547
C#CCCC(O)C(O)CCC1SCC1=O,5.356725
N=C(O)CC(=O)NC(=O)C(O)C(O)C#CO,5.4797864
N=C1NC(=O)C2C(O)C(N3CC3=O)N12,6.017132
NC1(C(=O)O)C#[N+]CC=C1,5.2599845
O=C1CC2C=CCN(C1)C2,5.4691634
O=C1NC2OC1(O)C(O)(O)C2O,5.666597
C#CNC(=O)C#CO,5.0634623
O=C(O)C1C2CNC1CN([SH](=O)=O)C2,6.0220156
C#CNCCC(O)C(=O)O,5.2006645
C#CNCC=C(CO)NC(CNC(C)C=O)C(=O)NCCC,5.535646
NCCN[SH]=O,4.9931645
O=C(O)C1CN(CCl)C2=C3C2=C31,6.7153854
OCC(O)C(O)C(O)C(O)O,4.471539
C#CC(=O)OC(O)C(O)C(O)C#CO,4.9775004
C=CCN1C(=O)CC(O)C(OCCO)CC1C,5.6996775
O=C(CC1CC#CCC1)OCC(O)CCCO,4.9552345
O=C1CCCN1,4.6995106
C#CC1=CC(NS(#C)=O)(C(=O)NC#[O+])C1(Cl)S#N,6.901379
C#CC1C(O)C(O)C(O)C2(Cl)OC1(C1CC1)O2,6.191113
O=C(O)C1(F)OC(F)(OC(O)O)CC(O)C1(O)F,5.310476
OC1=NC=NC2=C(O)C(O)C1=C2,4.7621174
C#CN(C)CCC(=O)C1(C)COC1C,5.798942
NC1=NC(N)C(=O)C[N+]#[N+]S(=O)(=O)C=N1,6.464214
O=C1NS(=O)N2C(=O)NCC12,6.7884436
CC1CC(CC(=O)O)CCCC(C(C)O)O1,5.2531567
O=CC#CC(NC#CC#[O+])C1CN1,5.049597
O=C(O)C(O)C1CCCCC2=CC21,5.405224
C#CC=CC1C(O)C(C)OCC(O)C1C(O)O,5.9092875
C#CC#[N+]CC#COC#CCC(=O)NOC(=O)O,5.083987
O=CCNC1=NC(=O)NN(CCC(O)CC(=O)O)C1,5.219171
COC(C)(C)C(=O)CCO,5.02223
N#CC1(NC2CC3CC2O3)OC1=O,4.64051
CCNCCC#N,5.0014486
CC(O)CC(O)C#CCO,4.8447323
O=C(CO)N1CC1CCCO,4.953259
CC(Cl)=CC1CSC(=O)N1,7.1185203
C#CCN(CC(=O)[SH](=O)=O)C(=O)CC(=O)O,5.982417
O=S1(=O)CC#CN1,6.0399466
C#CCC1(C#CO)OC(C(N)=O)C1(N)CN,6.5535417
CC(C)C(=O)SCC#[N+]C(=O)C#N,5.3182983
NCCC(=O)NC(=O)C(=O)NC(=O)C1CCN1,4.9581714
O=C(O)C1CS(=O)CC(O)C1=O,6.729187
O=C1C[SH](O)NC(NNCC(O)O)C1O,5.2267504
C[N+]#CC#CC(O)CCCCC=O,5.1225295
CC1OCCC1(O)NC(C)(CN)C(=O)O,4.867506
CC(=O)NC1C#CC(O)CCC1C=O,5.813088
C#CN=c1ccc2cc-2#n1,5.0519867
C#[SH]=C(C(=N)N)N1CCSCC1,5.736014
COC#CC#N,5.362434
OCC1OCC(O)C(O)C1O,4.6750326
O=S1(=O)NC#CC#CO1,5.3859334
NCC1OCC(CO)C1N1C=C1,4.629822
C#CC1=CSC1(O)NN1CC(O)C=C1N,7.179439
N#CC#CCCCC(C(=O)O)C1OC1CO,5.229196
O=C(O)C(O)C1(O)CS1,5.151439
N#CC=C(C(=O)O)C1(C(N)N)CCO1,5.635558
CC(=O)NC1CN1,5.1819296
OC1OC1CC1COC1Cl,4.662285
O=CCC1C2NC(=O)C(=O)NC1C(O)CC2=O,6.0717916
NC(=O)C1COC(C(=O)O)C1O,5.8718257
OCC(NO)C(O)Br,4.573418
CC1(CCN)OCC(=O)NCC=C1[N+]#N,5.86297
O=C(O)C12CN3CC1(O2)C3=O,6.2993174
C#CCC(O)CCOC#[O+],4.7348223
NCC#[N+]CC(O)C(=O)O,4.8942437
CN1CC(=C=N)C2CC(O)C(C1)O2,5.6230516
O=C(O)C(O)C(O)(CO)C(=O)O,4.608473
C#CC(O)CCC(C#CO)C1=C2CC21,5.569276
C#CC=CC(CO)CC=C(C#C)OC#CC,5.2221775
O=C1COCCCC(Cl)CCN1,4.6969595
C#CC(O)=CCC(C)C(=O)O,5.569696
NC(=O)SCC1CS1,5.0259304
NC(=O)NCCCCNC(=O)CC(O)C1C#CC(O)C1,5.6990447
O=S(O)C1CNC1CS(=O)(=O)O,5.358619
CC1SC(O)C(=O)OC(=O)N=CC1O,4.902603
C[N+]#CC1SC1S(#N)=O,6.092702
CCC1(C(N)=O)CC=C2C#CCNC2C2(O)C=C12,6.840441
O=C1CC1(O)C(O)C(O)C#[O+],5.7275195
C#CC(CCOC(C#CC)CC)C(=O)O,5.224307
CC(NC(C(=O)CO)C(O)C(=O)O)OCC(O)O,4.998172
O=C(O)OC12OCC(O)C1(O)C=C2O,5.851761
C#CCC1CC(C(C)O)O1,4.945588
OC1C2OC3CC45C2OC26C1N4C3C(O)C13C2C1C635,5.1581182
N#CC1(O)CCC(NC(=O)N=CC(O)O)C(=O)N=C1O,6.619031
CC1CN=C(N)CC(O)C(=O)S1,6.668246
CC(CO)C(=O)C#N,4.8936167
O=C1CCCCN1,4.6831026
CCCCC1=CCC(C2(C(=O)Br)CNC2)N1,6.444051
O=C1C2CNC1C1CC(C2)C2CCN2C1=O,5.395638
O=C(O)Cc1c(C(=O)O)c2oc(=O)c1=2,5.501237
CC1=C2C=CC2(O)C(C#[N+]O)=C1O,5.134608
CC(=O)C(=O)OCCCCC(C=O)C(=O)O,5.417227
NC1SCC(O)CC1O,4.596577
O=C1NC2C(O)NC(C(O)CO)N12,5.472619
CC12CC3CC(C=N3)C3CN(CC4=C(Cl)C=C41)C32,6.2188067
CC1CC#CC1C(=O)C1OC=C1C1CC1O,5.020955
CNCCC(O)(NC#N)C(C#[O+])NC1NC1=O,6.011304
CC1NC2CC(O)(CC(O)CC#N)N12,4.886043
O=C1NCC(O)C(S(=O)(=O)O)C1O,5.985572
CCC1(O)CCC[N+](=O)C1=O,5.0483313
O=C(O)CC(CC#CO)C(=O)O,5.492403
O=C1OC(C2OC(O)C2O)S(=O)O1,5.825664
N#CC(O)C(O)C1OC1=O,4.769966
N#CC(=O)NC1(O)C=C(C#N)C1=O,5.0272956
NC(=O)C=CCC1C=CCC=C1,6.2130966
CC12OC3C4=C1N1C(C=O)OC42NC1C3O,6.425979
C#[N+]C(=O)C#CNC(=O)OC(=O)C1CCN2C3C1N32,4.83844
CC(=O)NC(=O)CC(O)C(O)CO,5.1078334
O=S1#CCN[O+]=Nc2ncn#c(O)c3[nH]c=3c2N1,5.334654
NC(=O)C(O)C1(C(=O)O)OC1=O,5.1522202
O=S(=O)(O)C1NC2COC1C(O)C(O)C2O,5.404988
O=C1CC#CCC(S)C(=NO)N1,4.7854624
CCN(CC(=O)O)C1=NC=C1Br,6.4445844
O=S1C(CO)C2NCOCCC21,5.5384026
O=C1C(O)C2C(O)C3CN1C(N3)C2O,5.0833507
NC#CNCC(=O)OC#[O+],5.2501407
O=C(O)C(O)C#CO,5.0959044
C=C1OC(=O)CCCCC(C)CC12C=C2C,4.962907
C#CC1CC2NC(C#N)C2(O)C1O,4.7777863
CCC1=[O+]C(=O)C1(C)OC,6.1490355
CCS(=O)N(O)c1cnc2c(n1)C2,5.373577
N=C(N)C(=O)NC=CSCF,4.869017
O=C1C(O)C2OC3C#CC4(Cl)C1NC2C(O)C4C3O,5.5273356
NC1=NC(S)=C(Br)C=CC(Br)=C1,6.5516176
COC(=O)CCCN=c1oc1=O,5.3718534
O=C1CCC2CC(=O)C(=N1)N2,5.2301993
CC=CC(O)=C(O)C(=O)O,5.021231
C#CC(O)CC1CNS1(=O)=O,5.9914985
C=[N+](C)c1sccc1CC(N)=O,5.108316
C#CC1=C(C)C(CC2CCOCC(=O)O2)C(=O)NC1,4.923565
O=C1CCC2NC3CCCCC#CC32C=N1,4.766989
N#CC12C=CC(=C1Cl)C1CN1C2=O,6.1278343
CC12NS(=O)(=O)C3=NC(=C31)S2,5.8655376
N#CC(O)C#CO,4.778984
CC#[N+]CC1CC(C(S)C(=O)NS(C)=O)CN1,5.772162
N#CN1C2=C1N1CCC(OC1)C(CO)OC2,5.145412
N#CCOC1C(CO)C12[N+]#CO2,5.2966027
O=C(O)CC(O)CC(O)C(=O)O,4.980484
N#CC12NC(=O)C(CNC1=O)C21C#CCC1,5.5355268
N#CCC(O)C(N)=O,5.354144
O=C1NCCC1O,4.7611003
C#[N+]C1NC1COC(CO)OC(=O)S,5.0501127
O=C(O)C=C1CC2CN2C1,5.0296097
O=CCC1C(=O)NCC1=C[SH](=O)=O,6.626907
NC1CN[SH](=O)(O)N(N)CCS1,5.2789373
C#CC(O)CCC1CC2C(O)CC12,4.6644044
N#CCNCCC(N)=O,5.5322986
O=C1NC1=CN(O)C#CO,4.970374
COCC(O)CN,4.7065697
C#CC1C2CC3OCC2CCC31,4.801489
O=C(O)C1(O)C=C(O)C1OO,5.33362
CC1(O)C(=O)NC2=C([N+]#S2=O)OC1=O,5.3219237
O=C(Cl)NCC1OC1C(=O)NC=CO,5.9392986
CC(O)C(O)CC12OC(O)C1NC(=O)C(O)CN2CN,5.5652037
OC1CNON2C(O)CC2[N+]#CO1,5.2903337
CC#CCC(CO)C(C)S(=O)(=O)NC1CC1O,5.8135037
N#S(=O)C(=O)SCC1C2=C(C=C2)C12[O+]=C2O,6.2776756
N#CC1=C2C3CC(=O)OC(=O)C(C3)N12,5.910584
N#CC(S)C(N)CO,4.703026
CC1OC(NC(=O)O)C1(C)O,5.495705
CN1C2=NC1=C1C=NC(=C1)NCCN2,4.9946733
OC1CC(O)(C(O)C2(O)CCC2)C1,4.635768
O=C(O)C1=C(O)C#CC(O)CNCCC1,4.744368
O=CC(O)C(O)CO,4.794357
NC(=O)C12NC(C(F)(F)Cl)c3cc(c1n3O)C=C2Cl,6.6008625
O=C(O)C(C#[O+])=C1C(O)C(O)C2C3OC1C32,5.495358
OC#CNC(O)C(O)C(O)C1CO1,5.35828
O=C(O)CSc1ooc1O,5.2272687
N#CC1=C(SC(=O)O)C(O)C2C(O)C(O)N2C1C#[SH],6.2383976
O=C(O)OC1CNC(C(=O)O)C1,4.984238
NC(=O)NCC(=O)O,4.9399543
C#CCC1=C(O)N1CCN,4.722095
COCC(=O)N1CC(O)C(=O)CC1C(=O)O,5.998774
CNC(CO)C(N)=O,4.750995
O=C(O)CCOC1OC(C2C#[N+]2)C1O,5.428753
NC1CNC2CCCON3C(=C23)C2=C1C=C2,5.943841
O=C1NC(CNCCOC(O)C2CN2)C1=O,5.16957
OC#CNC1CO1,5.2234106
N#S(=O)C1(N)ON=C(N)C=C1Br,6.565601
O=C(NS(=O)(=O)O)C1CN2C(=O)CC12,6.748952
O=C1ON2CC1C[N+]#Cc1cc2c(O)cc1Cl,5.516462
O=C1NCC2NC13CC(C3)NC1CC=C(O2)C1O,5.1744747
CNC(=O)C(=O)N(C)C1CNC1=O,6.3855824
O=C1NC1CO,4.915209
C#CC(O)=CCC(=O)C1CC1,5.196815
O=C(O)C1OC2(O)OC(COC2O)C(O)C1O,6.254219
O=C1CCC2CC(CC3=C(C#[O+])C3)=C2N1O,5.577406
O=C(CCCC(O)C(=O)O)OO,5.037315
NC1C(O)C2CC1(OC#CCO)O2,5.5639286
C#CC(O)CCCC=C(C)C(C#N)C#N,5.616528
O=C1CCCC(=O)C2C1C21OCC1O,5.16878
Clc1ccccc1,4.71798
C#COCC(C=O)NC=O,5.883912
O=C1C2=C3NC14CCC4C3C(O)C2O,5.7354484
N#CNC(=O)C(=O)NC1CC1O,5.365327
C=CC(O)C(O)C(O)C1OC1C=O,6.106151
CC(OC1OC(O)=[O+]1)C(O)CO,4.589883
CN1C=C1SCCC1=CCNC1=N,5.6046624
CSc1cn2c#cn3c2c1-3,6.251614
O=C1NC1C1(O)C(=O)NC2CC21,5.6843643
CC(C(=O)O)C(=O)NCC#CCC#N,5.7451687
NC1CSC2OC(=NC1C(=O)O)OC2O,5.9184365
CC#CN(C#[O+])CC(CCC#[O+])C(=O)O,5.3399725
N#CC(=O)N(N)CCC(CCCO)C(O)O,5.243902
CC(O)C1CC1C(=O)O,5.078192
O=C(O)CC(O)(CC(O)C(=O)O)C1C2OC21,5.3040304
C#CCCC(=O)C#N,4.904998
CC(=O)NC#CC(CO)C(=O)O,5.414819
O=C1C(=O)S(=O)(=O)NCC1O,5.668769
O=S1[O+]=COC2=C1C=C2Br,6.3347397
CC(CNC(=O)C1(CN)C#CC=NC1)NC#N,5.268551
O=C(O)C1C(O)C[SH]2(=O)NC#CC12,6.49072
N#COCC1=NC(NCC(=O)O)=N1,5.357956
O=S12(CC(O)(C(O)CO)N1)OC1C(O)N12,5.496936
C#CC1=C(C(C#N)CBr)S(=O)(=O)N1,6.463175
CCN1CC(C(=O)O)NS1(=O)=O,6.289104
C#CC(=O)CC,5.298804
O=C1NS(=O)(=O)C2C3=CCC(=O)N4C1C24OC3,6.382968
CC(O)C1CN(C(=O)C#N)O1,6.4345837
N#CCC(=O)N1C=C(O)C1=O,5.050149
N=C(N)CC(O)CCCCl,5.1689224
O=C1NC#CC[O+]=[SH](=O)N1,5.3677373
O=C(C#S(=O)O)NC1CSC(C2CO2)C1,6.068466
CC(=O)N(CBr)CC1=C(N)CCC#C1,5.4518695
O=CC(O)CC1(O)CN2CC1C2C(=O)O,5.2658916
OC#CCC(O)C#[N+]O,5.1142597
CN=S(=O)(OCC#CN)OC(=O)C(O)(C(C)O)S(N)=O,5.6211495
C#CNC(C=O)OC(C#N)C1=C(O)C(O)CCC1(O)O,6.7105875
COC(=O)C1NC1=O,4.88138
O=[SH](=O)CN(O)C12CCN1CCO2,5.5317106
C#CC(CC)CCC(=N)CCC#CBr,5.786682
N#CC(CC#CO)NC1=CC(CF)=C1,5.1375103
O=[SH](=O)NC1=CN2CCC2CCCC1O,6.0764065
O=C1C#CC2(C=CC=C2)C(C#[O+])SC(=O)CN1,6.471224
CC1=NN=C1NS(=O)#CCN,4.4545546
NC(=O)C(O)C1N(O)C2C=C(O)C1(S)OCC2,6.284459
N#CC(=NCC(=O)NC=O)[N+]#Cc1cncnc1,5.1467257
OCC1(O)OC2CC2(O)C12CO2,5.37505
NC1=NC=CCS(=O)(=O)NC2C(O)CC12,5.931111
CC1CSCC(CCC(O)C(=O)O)S1,4.8763885
CC(O)C(=O)N[SH]=O,4.8546844
O=C(C#[O+])C(O)C1(O)CCO1,5.0940714
C#S(=O)NCC(O)N(C)C(=O)Cl,4.9803658
N#CNC(=O)C(=O)I,5.507897
C=C1C[N+]2([SH](C)(=O)N[SH](C)(=O)CO)CCC2C(=O)N1,5.695138
OCC12C=COC3(CN(C#CO1)C3(O)C(O)O)O2,5.609599
CC#CCC(O)C(C(=O)O)S(N)(=O)=O,5.980079
CC12CN1CCCC=CN2CSC(=O)O,5.535081
N#SC(O)(CCO)C(=O)O,4.7723026
OC(O)C1=NC2=CN2CN1,4.254302
CCNC(NCC(C)(O)O)C(O)C1OC1=O,4.951554
O=CCC(=O)OCCN1CCOC2CCCC21,4.894541
CNC(=O)CC=C(C=CC(=O)O)C(O)CC#[O+],5.4920354
CC#CC(F)C[N+]#[O+],4.888266
O=C(O)C12OC1(O)C(O)C2O,5.503842
N#S(=O)C(O)CCCF,5.1497045
C#CC1(CO)C=CCOC1=O,4.3824496
O=S(=O)(O)C(O)=CSC1CC(O)N1,5.4217544
N#CC1CC(=O)NC(NC=N)=NCC(O)N1,5.4227915
O=S(=O)(C#[SH])NC1=C(O)C(O)=C1,5.0696893
NCC1OCC(O)NC2OC#CNC2C1O,4.9228134
N#CNC1=CC(O)(Br)C=C(C(N)SCCS)C=C1,5.9380364
O=CC(O)C([N+]#CC(=O)S)C(O)C#[N+]N=O,5.71111
CC12CC(Br)(C(=O)O)C1O2,5.4566946
O=C(O)C#CC1C[SH]1CCO,4.7746515
OS1=CNC#C1,5.6017385
[O+]#CC1=C(O)C=CC=CC(C(O)CO)=C1,4.729479
N#CC(O)=NC(C#N)COC1CC#CC1=O,5.1606407
O=C(CNC[SH](C#[O+])C1NCC(O)CC1=O)OO,5.753062
O=[SH]C1CCC1N=C[N+]#CCF,5.9731116
O=C1NC2=CC=CC3=CC=C3S(=O)(=O)NCC12,6.024504
CCC(NC)C(N)C#CCl,5.1433163
OCCCNC1COC(O)C1O,4.8118362
COC1COCCCC(O)C1C(=O)C(F)(F)F,5.071471
C=C1C(=O)S(=O)C(=NC)C(C)=C1C=N,5.478103
N#Cc1cc2cc3c1=C(N=3)NCO2,5.1853075
NN=CN1C#CC(O)C(O)C1,5.344865
O=C(O)C(O)C(O)CCO,4.699974
O=C(O)C(O)CC1=CCOCCS1,6.3961253
NCCC12CS(=O)NCC(CN1)NC2=O,6.0714893
CC(C#N)C#CN,4.953392
O=C1OC2C(=O)NCC2[N+]#S(=O)NCC1O,6.5465527
OC1NC1C1NO1,4.9916444
CC(O)C(O)CC(O)CS(=O)(=O)O,5.155277
OCC(NC1=NC=N1)C1NC1Br,4.920247
O=C1CCC(O)CCC(C(=O)O)N(O)C1,5.2620335
OC1C(O)C2(OCC(O)C2(O)O)C1O,5.1120462
OC(O)CC1(OC2CC2O)CC1O,4.664167
CC(=O)N=C(O)C(=O)OC(=O)CO,4.6245346
O=C1CNC(=O)CNC23C=C2C3=N1,5.630009
O=S1C#CN1,5.7587667
OCCC12NC(NC(NO)CC1O)OC2O,4.9440618
O=C1OC1=C1CCN(C(=O)O)CCN1O,6.2510386
C#CC(=O)S(=O)CC(O)C(=O)O,6.1041217
CC#CC1COC1C(C)O,5.124288
O=C(O)C(CO)NS(=O)C(O)CO,5.105336
O=C1C(O)COC(O)C(O)C1O,5.15121
CN(C(=O)C#[O+])C(=O)OCC1C=CC1,6.01183
N#CC1=C2CC(O)C(O)C(=O)C(=O)OC2=C1,4.91724
O=C(O)C1=CCNC#C1,4.5708294
CCC(=O)CCN1CC1C1=C(C(=O)O)C#C1,5.955687
N#CC(O)C(O)CNC1CN(C#[O+])CC1O,4.7273827
O=S1#[N+]C2=CC=C2N2CCC(C2)N1,6.106095
OCC1CC(O)CCC1C#CC(O)Cl,4.6972785
NC1CC(O)SC1CCS(=O)O,5.2828646
NCCC1C(N)c2nn(C(=O)C#CO)n21,6.3339686
NC(C(=O)O)C1CCCCO1,4.9363103
O=C1C=C2C(=O)C2CCC(C#CCO)N1,5.4527626
O=C(O)c1cnnnn1,4.5583177
O=C1ON[SH](=O)(O)C(C(O)O)C1CO,5.5601854
O=S1(=O)CC(O)C#[N+]1,5.9134407
CCC12NC#CCC1NC2=O,5.7288
N#CC#COC(=O)C#CO,5.1271634
O=NS(=O)C(=O)CC[N+]#CCC(O)C(=O)O,5.8945813
O=S(=O)(O)CCn1ccnn1,5.4105372
OC1CC(O)C1O,4.4730945
CC1C#CC2COC(C1)C(CF)(CC#N)C2,4.8623714
NC1C2(O)CCC(O)CC1(O)C(=O)N2,4.8102913
N=C(N)C1=CC(Cl)=C1Cl,5.723723
C#CCC(NCCS(=O)C#[N+]C#N)C(C)O,5.822671
N#CC(O)C1OC(O)C(=O)C1O,5.6403666
O=CC1CCCSC(=O)N1C(=O)n1cccn1,6.9328685
O=C(O)C#CNC1=NC(=O)C1C=NO,4.9529533
NS(=O)C(C(=O)OC(=O)O)C1=C2C(=O)N1C2=S,5.992867
CC(=O)NC(=O)C1CC(O)=C1C#N,6.714088
O=C1OCOC1CC(O)C#CO,5.8179355
CC(NC1CC1O)C(N)=O,5.0152206
NC1CNC(CC(O)CO)=NCC1=O,4.9826126
COC1(OC)CC(O)CC(O)(C#CO)C1N,5.6260734
CCC(N)C1=CO[SH](=O)(O)O1,5.0175023
N#CC1SC2=C3C(O)C31CC(C(=O)F)OCCNC2=O,6.869384
O=C1CC2=C(CS1)C(F)=N2,5.8808985
O=CC[SH](=O)=O,5.258506
O=C1NC23COCCNC1C2O3,5.8515534
CNCCCN1CC(OCC(N)=O)CC(C)ONC1=O,6.0638094
N#CNC(=N)C(=O)I,6.1045313
BrC1=CC=C1NC(Br)Br,6.5676455
N#CCC1OS(=O)(=O)C1N1CCC1,6.285714
N#CC(O)C(O)C(O)(C#[O+])NC#CO,4.860495
NS(=O)(=O)C(=O)C1(O)C=N1,4.806964
O=C1CCC(O)C(O)C(=O)NO1,4.6882677
NC(CNCCCC(=O)O)C1CO1,5.164683
N#CS(=O)(=O)NCCCl,5.6909976
CON(CC#N)C(=O)C1C(C=O)C(=O)C2C(=N)N21,7.370122
O=CC(O)C1(O)CC2NC1OC2C1NC1=O,5.922079
O=C1CCC2OC2COC(=O)COC1,4.8425107
O=C(O)C(=O)NC(S)C#[N+]O,5.43929
OCC1CCS1,4.531193
CC(O)C(N)OC#N,4.9360647
O=C(O)CO,4.5125284
O=C1C2=CC(OC3C=C3)=[N+]1CO2,4.446644
O=C1CC2(C1)OOC(=O)C(O)C2O,5.74558
CC1CCC(C(N)CO)CC1CC(C)(F)F,4.774234
O=C1OCC2OC1(O)C1(O)C2C1(O)OCCO,5.717144
CC1CCCN1C(C(N)=O)[SH](=O)=O,5.511047
CCCCCC(C)=O,5.0181546
O=CC(O)CC1CC(O)CC1C(=O)O,5.1608286
OCCC(C(O)O)C1CC1(O)O,4.812333
NC1CC(C(O)O)C1,4.529826
CC(CO)CC(CC(=O)O)C(=O)O,5.116079
O=C(O)CCC1C(O)CSC1(O)C#CO,5.5976377
N#CC(CC=O)OC(O)C(=O)O,5.2664323
N#CC1=CC1,4.703302
O=C1C(C#[O+])N1C1CC(O)C2(CO)OC12O,6.1042786
O[N+]#CC(O)C1(O)CCCCC1,5.189871
O=C(CO)C(CO)N[SH](=O)=O,5.279625
O=C(O)C1(O)C(O)C(O)C2OC2C1O,4.852338
NC(=O)SCC1=C(Cl)C(CO)=C1,4.822474
O=C1NNC1CCO,5.0046697
C#CC1OC2(F)C1=C2N(N)C=O,6.949359
CC(C)NC1=CC=C1C(C)O,4.9059515
OC(C1=CS1)C(I)I,4.3951626
C#CN1CC(CCCC#N)C1,4.6122274
NC(=O)N(O)C(CO)OC(O)CCO,4.83708
NCc1ccc(CCO)c(=O)nn1,4.7896166
CC#CCC(=O)NCC(C)C(F)(F)F,5.306182
NC1CNC(=O)C1(N)O,5.0116796
OC1CCC2CCCC2C(O)C1O,4.4736247
NC(O)C(O)C(O)C(O)C(=O)O,4.705694
N#S(=O)C1(C(=O)O)COC#CO[N+]1=O,5.2693753
CCCCC(=O)NC(C#N)C(F)=C(N)C#N,6.7143793
NC(=O)C1CCCC(S(N)(=O)=O)=CS(=O)O1,6.9100165
CC1CCC(CC(=O)O)C2CC(O1)C(O)O2,5.2896175
O=C1C([N+](=O)O)CNCCCC2CN12,6.5334697
CC(=O)NC(=O)CC12CC#CC#CN=C1N2,5.677786
CS(=O)N1C(=O)CNC1=O,4.966004
NC(C1CCN1)N(O)CS(=O)S(=O)(=O)O,5.426434
NCCC(O)C1CCCN1,4.6212974
C#COC(C(=O)O)C(=O)OC1C(O)C1(O)C#CO,5.204835
NC1=NC1(CO)C1CC1O,5.311762
CC(=O)NCCN=C(N)CCC#N,5.8221903
C[O+]=C(C=O)CC[SH](=O)=O,5.6755304
O=C1NC(C#[O+])C1O,5.035801
OCC(O)C1CC2CC3C4=C5CC2C4C5CC31,4.9886684
OC1CCSC(C2OOC(Br)C(O)O2)C1O,5.795595
N#CN1C(O)C1C(=O)OC1CSC(C(O)C(=O)O)N1,5.5572677
NC(=O)C(Br)C#CO,5.7213006
O=CC1CCC(O)(C=O)COCC1O,5.3755555
CC1CC2(CN2)CC(=O)OC2CC2C(C)(O)CN1,4.890205
CC12CC1(O)C(C(O)C(O)O)=CO2,5.5728865
NC1C(O)C(O)C(O)OC(=O)OC1(O)CO,4.6686163
CS(=O)(=O)NC=CC1SC1C(=O)C(N)=O,6.7406282
C#COCCC(N)=O,5.7507663
OC1C#CC(O)C(CC2C#C2)CC1,4.446004
O=C(CO)NC(=O)C1ONC2C(=O)OC(=O)N3C2C13,6.252019
O=C(O)CC(O)OCC(O)NCCO,4.958501
CC1C#[N+]C(=O)C#CCC(O)C1(C)C#CCl,4.6031356
O=C(C#[O+])OC(=O)C(CCO)NCC(O)C(=O)O,5.0411215
NC1(O)CC(NC[SH](=O)=O)C1,5.1703434
O=C(O)OCCC1OCCC1O,4.8470125
N=[N+](C(CO)=C1C#S1)c1ccccc1,4.7803907
O=C1OC1C#CO,5.1224337
C#Cn1c#cc2c1C(C1CC(=O)C(O)C1)=C2,5.266205
C#CC1(C(=O)C(=O)OC2CC2)C=C1,4.746505
CC(=O)SC1=NCN1CC(=O)O,4.9825783
O=C(Br)[N+]#S(=O)C[SH](=O)=O,5.3802285
C#CC1=CC(O)C=C(O)C(C#C)OCC1,5.362317
COC(=O)C(O)CC(O)C1OC(C)C(=O)C1CO,6.034999
CC12OC(=O)C1N2C(=O)CN1N=C1O,5.6653333
O=C(O)CC(=O)C1CC1,4.820491
CCC(O)CC(O)C(O)C(=O)[N+](C)=C=S,4.8614054
O=C1CC(NONC(O)C(O)C(=O)O)C(O)O1,5.4506307
NC(CC(=O)O)C(O)(O)CO,5.0070643
O=C(O)CC1N=C(O)CNS(=O)#CS1,6.8997636
CC1NC(C(=O)O)C(C)(O)OC(=O)C1O,5.5594835
CCCC1=C2C(S(=O)(=O)O)=CC1C(S)=CC2O,6.926204
O=C1CCCC2C(O)C2C(=O)N1,4.624175
COC(CC#N)CNC(C)C(O)C=O,5.4058056
N#CNC(=O)C(=O)OCC(O)C(O)CO,4.983389
O=CNC(=O)CNO,4.6804533
CC(=S)N1CC1C[N+]#CC1=NC=N1,5.8922997
C#CCC(=O)[N+]#C,4.707776
CC1[N+]#CCN(C#N)CC(N)C12CC=CC2,4.7788396
CNC=[N+]1CSC(CS)C1,5.669761
O=C1NNC#CC(SO)NC(=O)C1O,5.3834767
CCOC(=O)N(CC(O)C#N)C(=N)O,5.2855554
CC(O)C1OC1O,4.812566
CC1C(=O)C2CC(C#[N+]S1(=O)=O)OC(=O)C2O,6.5109034
COC(=O)C1CN1CS(=O)(=O)O,5.8907046
N#CC(S[N+](=O)O)S(#N)=O,6.131456
O=C1OC(C(O)OCC(O)CO)C1O,4.7472324
NC(O)C1CC(O)C(O)CC1O,4.6245284
OC#[N+]C1CC(O)C1NC(CCO)C1=CO1,4.960522
O=C1CCCC(O)COC(=CCOC2C#CC2O)CO1,4.6844225
O=C(O)C(=O)C(O)C(O)CC(O)O,4.5917377
C#CC1NCC1Br,4.6571393
C#CCC(OCC(=O)O)C1CC1CO,4.6944404
CC1CN=[N+]2C(NC(=O)S2(=O)=O)C(Br)CN1,6.043815
OCC1(O)CC=CC1,4.655845
O=C1CC#CN1C1=CO1,4.634941
C#CC1=CN2C(O)C([N+]#N)COCC(O)=S12,6.459852
O=C(O)C1CCCCC1,4.915442
N#CC(O)C(O)CN=C(O)F,5.5349197
CC1CC2CC23C#CC1C3CC(N)=O,5.607448
CC1CC(=O)NS(=O)(=O)C=[O+]C(=O)C1O,5.7873416
O=C(O)c1c2c(Cl)c(CO)c(c1CO)CC2,6.121798
CCNC(=O)C(C#N)OC#N,5.7047205
O=C1OC(C(I)C(=O)O)C1=O,5.150131
C#CC1=CC(CCC(C#CO)C(N)=O)=C1,6.0915985
CCCS1(C2CNC2=O)OCC1CO,5.78243
CCCCC1CCSC1C=C(O)C(=O)O,5.556375
O=C1NC2CC=NC(CC2)N2C=CC12O,6.44564
CN1CCC1C#[N+]C(S)C(=O)O,5.0559726
O=C(O)CC(C(=O)O)=C1CS1,6.1820617
O=C(O)C(O)CCC1CC1O,4.8070555
O=C1C(O)=C2CCCSC2C(=O)N1O,6.0988646
CC(CCCCC(N)=O)C(N)=O,5.35838
NC(=O)C(O)C#[SH],5.3201594
O=S1Nc2c(Cl)c1c(Br)c1c2N1,6.461577
Cn1c2ccc1c(O)c2,5.516871
Cc1c(CCO)nc2n1CCO2,5.27027
N#S(=O)N1CCC(C(N)=O)C(=O)C1=O,6.7973995
CC(O)C1CC(C(=O)O)N(C#N)CN1,5.3806925
CC(O)C1(CCN)C=C[N+](O)=C1N,5.395273
CC12NC(C(O)Cl)[SH](CCCO)C1=C2Br,6.032098
OCC12C=CC=CC=CC(=N1)CO2,4.924217
O=C(O)NC1CC1S(=O)NS(=O)CNC#[SH],6.390525
O=C1NC2CCNC1C(O)C2O,4.890231
N=CSC(C(=O)F)C(O)C(=O)O,5.2358932
NC(=O)CC(=O)O,4.9303746
C#CC(O)CC([SH]=O)C(=O)O,5.680716
CC(CC#N)CCS(=O)(=O)O,5.8085647
O=C(O)C(=O)OC(F)CCC1C=C1,5.345929
O=C1CC(=O)C2CCN2C#CCN1,5.1397734
N=C(O)C(N)(CO)S(=O)O,5.0837407
CC1OCCC(O)(C(O)C2=CS2)C1=O,5.473958
CC1=CC(OCCC(O)C(C)O)=C1,4.558096
CC(O)C(NCC(O)CO)C(C)Br,4.590506
O=C1C=C(F)C(O)C(CO)C(=O)O1,5.635117
O=S1C2=CC1=C1C=CC(O)=C2S1,5.8824477
O=C(O)C(CC1CO1)C1C(O)C(=O)N2CC12,5.956246
CC#CCO,4.6619253
OC1OCC(F)C1O,4.6416073
OCC12C#CCCCC(O)CC1C2,4.5194654
NCC#[N+]CC1OCC2C(N)C1C2O,4.745976
O=C1C=C(O)C2(O)CC(CN1)C2,5.2037377
CC(=O)C1C2CC13C=C(CC2O)C(=O)C3,6.1052585
Cc1c(S)ccc(N)c1[SH](N)(=O)C#CC#N,6.1646185
OC1CCC1OC#CCl,4.532094
N#CCC1O[N+](=O)C(C(O)O)C1O,5.193726
O=C(O)C1C2CNC(OC2)C1(O)O,5.2788515
CC1(O)C(O)C=CC(O)OC1CO,5.2012796
O=CC12CC3[SH]1CC1OC2(O)C3(O)C1=O,6.04492
NC1CC(C(=O)O)C(C(=O)O)N1,5.0617266
CC1CC(C(=O)[SH]=O)CS(=O)(=O)N1,5.91664
N#CC1=COC2CCC#CC(O)(O)C2(O)CS1,6.1175814
C#CC(O)CC(N)=CC(=O)O,5.4399567
NC(=O)C1(O)C=C(O)CCO1,6.5856085
COCC=CCC1COC1=O,5.795454
O=C1NC1C(O)C1CN=C(O)S1,6.8059464
NC1=[SH]C(O)C(=O)OC(O)C(O)C1,5.342738
CCC1(C#[N+]C2CNC(=O)NC2=O)OC1C(N)=O,6.766572
CC1COC2=CC=CC13C=C1C2=C1C1CN1C3=O,5.630443
CCS(=O)#[N+]CC(C)NC1=CC#[N+]C1=O,5.5379257
C#CC#CC1C(=O)CCC1CO,4.6907663
O=C1NC2(O)C(CO)COC=CC2C1O,5.291894
O=C1COCC(O)(O)C1O,4.9490023
CCNC(=O)C(O)C(O)(O)CC#CO,5.533339
CC([N+]#S(=O)NC1=CC=C1C1CC1F)C(F)F,5.5218706
NC(=O)C(O)(CO)C(=O)C(O)CO,4.6950884
O=C1CCCS(=O)(=O)N1,5.7795525
NCC(O)C(CC(O)C(=O)NO)SCCO,4.979236
N#CCNC(COS(N)(=O)=O)C1=C(S(N)(=O)=O)C=C1,6.188137
O=C(O)CC(=O)O[SH]1(=O)CN1O,5.1361303
NC1CC#CC(=O)NC(=O)C1N,4.582668
CC(=O)C(C#N)(CSC#CO)[SH](=O)=O,5.9793153
CCNC(=O)O,4.823733
N#CC1C=C=C(N2CCC2=O)C1,5.034953
O=C(O)C(CC(O)S)C1NC1=O,5.600273
FC(F)C(F)F,4.413707
O=S1C=Cc2c#cn(c2)C1,6.151226
CC(CCN)C(c1ccncc1O)C1C=C1C#[O+],5.580692
CC1(C(=O)C#[SH])CC#COCC1,5.038025
O=C(O)C#CCCCOC#CCO,4.6462836
CC1CNC2=CN=CC3CN(N1)C(=O)CC3C2O,6.013688
C#CC12CCC3=C(OC1=C(Cl)C=C3)O2,5.2990003
NC1=CN=C1[SH]1(=O)CN1,5.687179
N=C(N)C(N)=O,5.010437
OC1C[N+]#CCC2C(S)CN2C1O,4.579986
O=NNC1OC2CC(O)C2NC1O,5.357763
CC12CC(C#[O+])C(C1)C(=O)CCC1C(O)C1O2,5.3136125
CC1CC2C#CC(=O)OC(CC=CC1=O)CC2,4.834763
O=C(O)C(=O)CC(O)C1(O)C(O)CC1CCO,5.10299
N#CCOC1(C=[O+]O)CO1,6.4606457
CC(C=O)(CC(O)C(=O)O)OCCC=N,5.1257973
O=C1CC(O)CO1,4.5032444
N#CC(Br)OCC(N)=O,5.0855308
CNC1=CCC2N=C(O)C2(NCC#N)C(=O)C1=O,6.841962
N#CC(N=O)C(C[SH](=O)=O)[SH]=O,6.089633
CC1(NC(=O)C2(O)CC2=O)CC1OO,5.7709217
C=C(CC(O)=NC)C(=O)NC,4.871331
O=C(O)C(O)CCC(O)CO,4.726608
C#CCC12NCC(S1)C(=O)C(=O)NC(=O)O2,5.9638257
OCC(CO)(CO)C1OC(O)C1O,4.7144732
O=C(O)C(O)C(O)C1C#CO1,5.244667
O=C1CC(O)C(O)C(C2=NC2)C1,4.6009603
CC(O)CC1CN1,4.7301006
NC(CCC(F)(F)F)C(=O)O,4.7964773
C1CNC2(CCN1)N=N2,5.561512
OCCC(O)C1CCO1,4.7088695
CC=C1CC2CC3(OCC(=O)C3C1)C2CO,6.5015745
C=NC(=O)C#CC(=O)c1cc1=O,5.1721215
O=C(CO)SC(O)C(O)(C(=O)O)C(O)O,4.8920426
O=C1c2cc3ccc2CN1CNS3(=O)=O,6.3577356
N#CC(=N)NC1CC(=O)C1,6.1721096
O=CCCC(O)C(O)C(=O)O,5.0241385
CCC(CN(C)C(C)=O)O[N+]#N,5.4488745
CC1NC1NC(=O)S(=O)O,5.750545
NC(=O)C1OC(O)C(CO)OCC1O,5.6002526
OC#CCNc1nccs1,5.2320824
C=S=C1CCCN1C#N,5.2012506
NCC(N)(NC(N)CO)C(=O)O,4.4277554
C#CC1C=CC(O)(OC)CS(=O)(=O)N1,6.7815356
CC1(O)NCC2COCC21O,5.0153522
CC1CC(c2cnc(=O)nc(Br)c2O)N1,6.3922367
N=C1COCC(CCO)S(=O)(=O)N1,5.7304125
N#CC1=C(CO)C=C1,4.390567
CC1=CCCCSCC(=O)N1,5.1742926
O=C1OC(=O)C2C1SC#CC#CC(CO)N2O,5.5554934
O=C[N+]#CC1(O)C=CC2=C1S(=O)#[N+]2,6.0534067
O=S1C2CCN(CC3=CC31O)S(=O)(=O)C2O,6.35085
NC(C(=O)O)C(O)CC(O)CO,4.6480455
CC(O)C1(O)OC(=O)C(=O)OC1C#N,5.576376
C#CC(=O)OCS(#N)=O,5.8773823
O=C1NC(CC2CO2)C(=O)C2=CC#CCCC1=C2,5.3479166
O=S1(=O)C#CCN1CCCN1CCC1,6.06077
O=C1SCCC2(O)CC34CNC3OC4C1C2=O,5.953969
OC1=C2COC23OCC1=C3Br,6.130934
O=C1C2=CN=C(N=CC(S)=C2)C2=NN12,4.9421573
O=C(NO)C1C(=O)C1F,6.508445
CN[SH]1(=O)CCNCC(O)C(S(=O)(=O)O)C(C#[O+])N1,5.805994
CC1(O)C(O)C1C(O)CC(=O)O,5.2540035
NC(N)CCC1NS1(=O)=O,5.5001674
CCN(C1=CC=C1C1=CC1)[SH](=O)=O,5.027934
CC#[N+]C(=O)CC(=O)C(C)CC,4.994167
N=C1NC(S(=O)#[N+]O)CC(O)C1N,6.2148104
C1#CC2COC1CCO2,4.6669807
CC(N)C#CN,4.9997616
O=[SH]C1=C(NCC2C#C[N+]#CNC#CO2)C=C1I,6.9605284
OCC12NCC(O)OC1C(O)C2O,4.739807
Nc1ccco1,5.048895
O=C(O)C(=NO)C1[N+]#CCCC(=O)S1(=O)=O,6.809914
C#CCCC1COCC(O)C1C=O,5.2445903
NCC1C[SH]1C(=O)C(O)C1(F)OC(=O)O1,5.4454303
O=[SH]12CCC(CO)C(C1)NC=CN2,5.7940364
OC1CSCCO1,4.569485
O=C1OS(=O)(=O)NC2CC12O,5.3736334
CC(=O)c1cn(O)c(=O)n1S(#N)=O,6.1456656
O=C(O)CCC1CC(O)CN1,4.851071
C#CC(=O)NCCCO,5.077141
CCC12OCC#CCC#CC(=O)C1C2CC#N,5.580195
C#CC(C)CC(=O)OC(CO)CC#N,4.9306984
C#CCC=C1C(=O)[O+]=CCC(=O)N1O,5.752007
O=C1CC(O)C1,4.5126143
C[O+]=C(C#CCC(O)C1CC1O)CCO,5.1656823
C#CC1CC(c2[o+]c2=O)[N+]1(C)CC(C)=O,6.368085
O=C(O)CC1=CC1,4.4579725
N#CC1(F)CNCC2(O)CCC(COC3NC3C(O)CO)C12,4.7673693
NC1C(O)CNC1(C#[N+][O-])[SH](=O)=C=O,5.4559555
CC(C(=O)O)C(O)CO,4.6590223
O=S1(=O)C#CC2CC3=CC1(OCO)C3(O)CO2,6.5581145
NC(=O)C(O)C(O)(O)C(O)C(N)C(O)C(O)OC(=O)O,4.8801284
NC1NC1CO,4.4202304
CN1CCC(C)(N)CC1=O,4.9578724
O=C(O)OC(O)C(=O)O,4.5074916
O=C1[N+]#CC2(O)C(O)CC12,4.74677
O=S(=O)(O)C12C=CC=C1S2,5.7971864
CC(O)C(OCCO)C(O)O,4.6477056
CC12CCC1(C(=O)O)CNCC(O)C(=O)C2,5.274061
CC1CC(F)CC#CS1,5.1514916
CC(=O)N(C)CS(#N)=O,5.1463957
C#CCC#CC(C)NC(=O)C#[SH]=O,5.362276
CC(O)C1OC(=O)C(O)C(O)C1O,4.737579
NCC([SH]=NO)C(O)SC(=O)CO,4.9159703
N#CC(=O)CCC(O)C(=O)O,5.18993
O=C1CCC2N=CN=CC#CC#C[SH]2CC(=O)N1,5.0255876
O=NN=C1C#CC2CCC(N1)S(=O)(=O)OSC2=O,6.79514
C#CCNC1CC=CC2=CN2CC1O,4.9496346
COC(NC(O)C(O)CC(O)CO)C(=O)O,4.853998
ONC1C2(O)COC1(O)C(O)CC(O)C2O,5.333752
CC(C#CCC(=O)CC#CO)C1CCC1=O,5.155256
N#CCNS(=O)(=O)[N+]1=NC(O)C(O)(O)C1,6.345599
CC(C(=O)CC(=O)O)C1=CC(CC(=O)O)=C1O,4.9891458
O=C1OCC(O)CC(O)CNS1=O,5.822307
O=C1NCN(CC(O)CO)C(=O)CON1,4.560285
OC1C#CC1,4.381654
CCC1(CC)CCC(CC(C(=O)O)C2=C(O)C2)N1,5.4939795
O=C(O)COC(O)CNCC1CCC1O,4.658682
C#CCC(C#N)C(O)CC#[O+],4.543154
O=C1C2C3OC(O)C(CN(O)CNCCN12)C3O,5.3429465
CN=C(NC=O)[SH]=O,4.9789433
CCC(CO)CCC(C#N)Cc1cc2oc1-2,5.896805
CC1SC#[N+]C(=O)CC(O)C(=O)C1O,5.801017
OCC(O)(OCC(O)C1CN1)C(O)C1C=C1,5.4060254
NC12C=CC=CC(=N1)C2,4.871167
O=[SH]12OC(F)(C(O)S1)C1(O)CN12,5.372308
O=CN(CC(O)CC(O)C(=O)O)C(=O)Cl,4.866761
O=C1NOC(C2NC23NC2CNC23)C(O)(O)NC1=O,5.4611063
O=C1C#CONS(=O)(=O)CCC(=O)N1,5.7996116
N#CC1NC2CNC(=O)C1=NC2=O,5.117948
O=CCC(=O)O,4.488929
OC1=CC(O)=C1O,4.3838673
CC1C=CC2(CNC3CCCCCC2N2C(=O)C32)C1,6.1334286
CCC#CC(O)C(C)O,5.0228186
C#CC(C#CC(O)O)C1COC2=CC1(O)C2,5.1072555
O=C(O)C(NO)C1COCC(O)C(O)O1,5.130845
O=C1CC(O)C#[N+]CC2CC2N1,4.968413
C#CCC(O)C1NN(C)C1=O,5.915206
CC1NC2(C=C2O)CC(CC2CNS2(=O)=O)O1,6.2763367
O=C(CC(O)[SH](=O)(O)O)N1C2N=CSC21,7.099036
O=C1NN(N2OS2(=O)=O)C1=O,5.5320063
CC(O)C1(N)COC1(O)O,5.392153
N#CCOC1=C(OC=O)C=C1F,6.225853
NS(=O)#[N+]C(=O)CC1CC23C=C2C1C3,6.9095597
NS(=O)(=O)CCO,4.983961
CC(=O)C(=O)CC#N,5.4260783
OCCC(Cl)CC(O)OC1=CC=C1O,4.485484
CC1CCC(CC(=O)NCO)C1CC#N,5.382231
O=C1CCC(CCC(O)O)NC(=O)C1O,5.6211677
N#CC(N)OC1CNC=NCC1NO,5.115323
CC(N)C(=NCC(N)CO)C(=O)O,4.731336
O=[SH]1(OC2CCCCCN2)CO1,5.913101
CC=CCCC(O)C(C(=O)O)C(O)CC,5.380352
CNC1C(O)C1C(O)O,4.758426
O=C1COCC=CN1C(CO)CO,4.611711
CC1C2C=C(N)C3(C)CC1N3C=N2,7.0053153
C#CNC(=O)C#N,5.087383
N#CC(O)C(CO)C1=CC(O)=C1O,4.814927
C#COC(=O)C(C#N)S(=O)(=O)C1=C(C#CCl)C=C1C=C,6.717036
FC1=C2NC1=NC=NS2,5.4556046
CCCCNS(=O)(=O)C1CCN1,5.5465612
O=C(O)C1(n2c3nc-3c2O)CC(O)C1O,6.1323037
N#CC(=O)NCCC[N+]#CC(=O)O,5.470003
NC(=O)C1CCCCO1,5.540377
C#CCN(O)C1=C(NC#CF)C(F)(F)C=C1,5.503504
C#CC(OCCC#CO)C(O)(C#[SH])C(O)C=O,5.527234
OC1CC2CCC1CC#COC2,4.3695707
N=C1CCC2C=C(N2)S1=O,7.023238
O=C1NCC2NCSC3C=C1CC2N3,5.303522
N=C(N)C(O)(CC1CN1)C(=O)O,5.0877256
OC1C=CC2OC2C1O,5.287546
O=C1CC2CCNC(=CN1)C(=O)O2,5.0352364
O=CC(CCCCO)OC(=O)O,4.7575974
N#CNC(=O)C1CCCCS1,4.9004045
O=C(CC#[O+])N=C1CN1,4.763279
OCC1(O)C2CC3(OC3C1O)O2,5.3269954
O=C1CCNC(=O)O1,4.89359
CC#[N+]C(=O)C(=O)O,5.220592
N#CC(OC#[O+])C(O)C1(C#N)OCCO1,5.4283237
CC(O)=C(N)C#[N+]C(C#N)(C(N)=O)C1CCC1,5.728
OCC1NCC(O)C(C(O)COO)N1,4.82832
C#CC(=O)CC1OC(N)=NC1O,5.496098
NC(=O)C(O)CC1(O)CNC(=O)CS(=O)N1,6.0816846
O=C(O)CC#CC(O)O,4.8027377
CN([SH](=O)=O)S(=O)(=O)C12CCCC1CO2,5.956442
CCC1CNC2=NC3C(=O)NCC(C2)OC13,5.7184634
CC(O)COC1CC1O,4.7703867
CCC(C(C)C1=NS1)S(=O)(=O)O,5.7587185
C#CC#CCC#CNC(=O)O,5.012688
O=[SH]#COCCCCC(=O)O,5.037271
CC1SNC2C(=O)C(=O)C1N(O)C2=O,6.1931367
O=S1(=O)c2nsc1c2CC(O)CC1CN1,6.743027
N#CCC1CCC(O)(C(O)CCCO)O1,5.133555
O=C1C(O)C(C#CI)=CCC(F)C1O,5.886482
CC(=O)NC(=O)O,4.783222
O=C1NCCC(O)C1=O,4.8869276
O=C(Br)CC1OC(N2CC2)C#[N+]S1=O,6.6835327
N#CCCNCCCC(=O)NCC(C(=O)O)C(O)C=O,5.528244
CC1=NCCC(C)C23CC(C2)C1C3,5.22188
CCC(N)CNC1=CC=N1,4.708413
N#CC(=O)NC(=O)CCC(N)=O,6.1626735
N[SH]1(=O)CC(O)(C(=O)O)C1=O,5.880274
C#CCNC(=O)C1=CC=C1,5.211888
O=C1OC2C(O)C3=C1COC32,5.105266
C=C(NO)C(=O)S,4.974559
C#CCC(C)C1OCC1(O)O,5.368703
NC(O)C1(OC2(O)OCC2O)C(O)C1O,5.280286
O=C1N=CNC(=O)C(CO)CC1O,4.6404924
O=C1CC(O)C(=O)N1,4.6922326
NC(CCO)C1(N)C2OC(C(O)O)C(O2)C1O,5.0775595
N#CC1CC1S(=O)(=O)NCCS(=O)(=O)O,5.881408
CC1CC(C)(O)NCC=CC1O,5.397498
C#[N+]C(CCCS)C(O)CCC(O)CC1OC1=O,4.823577
O=C(OCCCO)SC1CC(O)C1O,5.2041554
C#CN(CCC[N+]#CC(=O)Br)C(C#N)C#N,5.6426363
NC1=NCCSCC2=C(Br)C1=N2,6.690436
O=C(O)CC1S[N+]#S1,6.669367
C#CC#CS(#N)=O,5.85982
NC(C#[O+])CC(O)COCCCO,4.7196183
NCC=[N+](O)S(=O)(=O)C1CC(F)C1,5.6627507
O=C(O)C1NC2CC(OC(C(=O)O)C1O)C2O,5.259334
C#CNC1C2NCC(=O)N1C(N)CO2,5.7300515
C#COC(C)C(=O)O,5.4075284
CC1(O)C2(O)CC3OC1(O)C(C(O)CO)C32,5.3711996
CC(C)CC(C)CSCC#N,4.986175
O=C(NCC(O)C#CO)C(=O)C(O)C(=O)O,5.8360267
CC(O)C1CC#CC(=O)N1,5.057874
N#CCSN=C1CCC(=O)O1,5.1416435
O=C(C#[N+]O)OCC1CCC1,5.1790915
N#CCCC(=O)O,5.262756
C#C[SH](=O)(NS(#N)=O)C1CCC=C1C#N,6.470992
NOC(=O)C(N)=NC1C=COCC(=O)N1,4.8535633
CCC1CN(C(N)=O)CC1=CO,5.9279766
N#S(=O)C#[N+]CC(=O)NC1NC1=O,6.11739
CC(O)C1CC(O)C2C(C#N)CON2OO1,6.5020027
O=S(=O)(O)C#CO,5.491216
N#CNCCCCC#[N+]CN,5.036045
CS(=O)(NCC(=N)OC1CCOC1)=S=N,6.0018334
O=C(CC1=C2OC(=O)C(O)N12)OC1=CN(O)CC1,5.751082
C#C[N+]#CC1(O)C[SH](=O)(O)C(C#N)C1CC,6.0685325
C#CC(O)(CO)C1C(O)C2OC21,4.989109
OC(O)C1OC2C(O)C2O1,4.756691
C[O+]1C=C1C=C1OC2C(C(=O)C(=O)O)=CCCC12,6.161763
C#CN=CC1(O)CC(=O)CCC1(C)C(=O)O,5.925988
NC1CCNC(=O)C(NO)NS(=O)(=O)N1,6.027662
O=C(O)C(O)C(O)C1CC2OC2=S(=O)(O)O1,6.764364
C#CC1CC2C#CC3(C=C(OC(=O)C3=O)C(=O)C2)N1,5.839608
OC1CCC(O)C2CC3C=CC(C3)C2C1O,5.0852976
N#CC1CNCC2C(Br)NC(=O)NC12,5.04846
C#CCN(CCC)C(O)C(=O)O,5.088868
NC(=O)C(CC#[N+]CC#[O+])C(=O)I,6.5856752
Cc1c(O)c2c(C)con2c1C(=O)O,5.134424
C#CC(=O)C1(O)COC2C(=O)C2C1=O,6.6379547
N#CCC(CO)OCC(=O)C(=O)Cl,4.6608415
O=C1NCC(O)(CO)C1(O)O,4.9909673
O=CC(CC(=O)O)CC(O)CO,5.1568317
CCC(NO)C(O)C(=O)NC(C)=O,4.7622757
NC(=O)C(CC(=O)O)NC(=O)C(CO)CC#[SH],5.8255587
Cn1c2cnc1CC(C#N)CC(F)C2(O)C#N,6.155149
O=C(O)C1CC(O)C(O)CC1O,4.9209547
O=C1NC(OC(=O)OC2C3OCC4NC42O3)CC(C#[O+])O1,6.2212534
O=C1OC2C3=C=CC2(O)CC1=C3O,5.534208
CC1(O)C(O)C(=O)OCC(O)C(O)C1O,4.9176874
N=CCC1OCC2C(O)CC(O)C(NS2(=O)=O)C1O,6.3611
CCC1=CN2C(=O)OC(I)=S1C2=O,6.591478
CC1OCC(O)C(C(O)CO)O1,4.942236
N#CC(S)NC(=O)CCNCCC(N)=O,5.657259
O=c1ncc(Cl)cc2ccsc12,4.847173
OC#CNC1=NC=C1,4.5966353
N#CCC(=O)CC(CN=N)C1CN1O,5.713463
O=C1COC(C(O)CCNO)O1,5.2319493
C#CC=CC1CC2C(CC(C)(O)CO)C12,5.862129
O=C1NC12COC2CC#CCC#[O+],5.850594
N=C1CCC(=O)C(=O)C2=C(CO)C2N1,5.970359
NC(=O)C#CC1CC#CC2=CCC2=CCC1C(N)=O,6.177928
O=C(O)C#CCCC(O)(F)C(O)C#[O+],4.8957386
NCC1OC2NC(COC(O)CC(=O)O)C2O1,5.430761
C#S(=O)N1CCOC1=O,5.5095973
OCCC(O)C1(O)CNOC1O,5.208566
NCC(O)OC(CN)C(O)O,4.4786806
C#CC#COCCCC1OC(=O)CCC1O,4.741218
CC(=O)NC(CC(C)CNC(=N)O)C(=O)O,5.313917
O=C1C2CS(=O)NS(=O)CC2N1F,6.452592
CC1CCNC=CNC1,4.726148
N#CN1CC(N)CC1=O,4.4945955
CC1CC(O)COC(O)C#CC1O,4.986023
O=S1CC(O)CC(N[SH](=O)=O)C(O)C1,5.6811814
N#S(=O)C(C#CCC(O)CC(O)=S)CO,5.9756036
C#CC=CC[N+]#C,5.1257
CC(N)S(=O)(=O)NC(=N)C(=O)NC(=O)O,5.0407867
O=C(O)CSCC1(O)CC1(O)O,5.0404515
O=C(NCCO)C(=O)N[SH](=O)=O,5.093476
CN1CCC(=[N+]=CCSC(N)=O)NN=C1N,5.823207
NC1=CC=CC=C(S(=O)(=O)NS)C=C1,5.1493506
N#CCC(=CO)NC(=O)C(O)C(O)(S)OC(=O)O,5.2407284
O=NC(Cc1ccccc1)C(C#[O+])NO,6.0725346
NS(=O)#CCCC1CO1,5.6781645
OC1OCCC2(OCC2S)C(O)SC1O,4.9876328
O=C1OC2(O)C(C#[O+])OS(=O)OC1C(=O)C(O)C2O,6.847398
C#CC(O)C(=O)SCCO,5.234871
CC1CCC2CC3CC(O)=C2C13O,5.7805753
NCCC(=O)NCC(O)CCC(=O)O,5.0586367
NCC1CN[N+]#CC#CNC2C(=O)OC12,5.709799
CC1=C(C#N)C(=O)NCC(O)C(=O)OC(CO)C1,4.963766
CC(CCNC=O)N=C(N)C1(C)N(C)S1=O,5.716072
C#CC=C(O)CC(C(=O)O)C1C=C1C,6.30484
O=NSCC(CO)OCCCOCCO,4.826331
N#CC(O)C(O)O,4.6835046
OCCC(O)CC1COC1,4.677087
CN(CNCN)CNC(=O)CS,4.7707415
O=C1NC1CC[N+](=O)O,6.2102127
COC(CC=C(O)C(N)=O)C(O)OC=O,5.2566857
O=C(O)CC1C(O)CN1C(O)CO,5.072139
CC(O)C1(O)OC(COC#[O+])C1OO,5.6154566
O=C1[O+]=C2N=C2OCC#CC1O,4.812337
O=C1CCOC(O)CC1O,4.7242236
NCC(S)C(O)C#[N+]S(=O)(=O)C(=O)O,5.5188537
O=C(O)CC(O)CC(O)C1C2=C(C=C2)C1O,5.6342354
O=C1OC(C(=O)O)C1O,5.0824947
CCCC(O)C(OC(=O)C#[O+])C(=O)O,5.5599003
OC1CCOC2(O)CC(C(O)C1O)C2O,5.097427
OC1=C2C3OCC2(O)OC1O3,6.024413
O=CNC(O)CS#[O+],4.982047
C[N+]#CCOCC(=O)O,5.022997
NC(=O)C1=S2C=C(N2)O1,5.2148237
CC1(N)CCC(CC=O)=CCC(O)C1,4.8510156
C#CCC1CCC(C(O)CCO)CC1C,4.710512
CC(O)(O)C(O)C1CSC#CN1,5.6835284
O=CC(O)CC(O)C1NC1CCCO,4.9574437
CC1(C(=O)O)OC1ONNC#N,6.7942667
N#CC1C#CS(#N)=NC(CCC(=O)O)C1,6.8008437
CC(=O)OCC(=O)N(CF)C(C)C#N,5.1780066
O=C(O)CN1CCN(C2=NC2)C1,5.4933367
NCC[SH](=O)(O)CCC#[SH],5.47888
N#CCCCOC(=O)S,5.597177
CC(CCC(O)S(=O)(=O)O)[SH]=O,5.209423
OC1=C2C(O)CN12,5.1274467
OC(O)C(O)C(O)C(O)OC1(O)CC1O,4.770466
O=C1NC(CC2CO2)N2C(=O)c3c(Cl)cc1cc32,6.19748
[O+]#CC1NC2C(CO)OC12,4.7456255
C#CNCCNC#CC#N,5.63976
O=CNC(O)C1CC1OCC#CCl,5.2776313
NC(=O)C(=O)F,5.316857
CON(CCCC(=O)O)c1cccc(C#N)c1,6.141183
N#CCOC(CO)OC#N,4.6799955
CN1C2=S1[SH](=O)(OCCC#[O+])C2,6.606992
O=C(O)C(=O)C1OC(=O)C2C(=S)CC=C12,6.008113
CC1CC2(CC(=O)O1)CC(O)C(=O)N2,4.838713
OCC1CN2CC(C2)C1O,4.535854
CC1NC1C(=O)O,4.8775845
C#CC#CC(C#N)CCCC#N,4.558471
CCC(O)CCNC(=N)C(N)=O,4.909393
NC1=NC2=CC=CN1CCCC2,5.1756544
N=C(CC(CO)CCC(=O)O)NC#CCC(=O)O,5.4207582
NC(=O)CC(N)C(F)F,5.1730866
NS(=O)C(O)(CCCO)CS(=O)#[O+],5.16669
O=C1OC2=C(O)C1(S(=O)#[N+]C#CO)C=C2,6.2793627
C#CC1(C(O)C(=CC(=O)O)CC#[O+])CC1,5.07317
N#CC(OC=O)OC1=C(Br)C=CC(O)C=C1,6.4950094
O=C(O)C(O)C1(OO)CCC2C(O)C21,5.316137
O=C(O)C1CC(O)C(O)(O)CO1,5.443691
C#CC(O)(CO)CC(O)C=O,5.156889
O=C(O)C(=O)N1C(F)CC(O)C1C(=O)O,5.4942837
CC(=O)NC(=O)S(=O)(=O)NCCCC#N,5.909932
C#CC1(CC(C)C)SCC2CC3C(C2=O)C(=O)N31,6.7547684
CC12CO[SH](=O)(C=COOC#CO1)NC2C#N,6.1681886
CC#CCC(O)C(=O)C#[N+]C#CO,4.9713297
N#CC(N)C#[O+],4.535573
CCC(O)=C1NC(=O)C1O,5.347471
O=CC(O)C(O)C#[O+],5.2282395
O=C(O)C1OC(O)C2CC1=CCCNC2=O,5.99185
CC(O)CC(CO)C(O)C#[O+],4.9002633
OC1=NC2CC2CC=C1,5.0167103
C#CC(N)C(=O)C1=NC=CC=CN=C1C#N,4.8532166
C#CS(N)(=O)=O,5.879379
CC(NC(O)(C#N)C(=O)O)C(O)C(=O)O,5.1561327
N#CC12C(N(C=O)C=O)=CC(=C1O)S2=N,6.711166
C#COC1=CC(=O)C(F)(F)C1(F)Br,5.433084
C#CC(=O)C(O)(O)C#C,4.7693925
O=S1(=O)CC(O)(O)CC12CC(O)C2O,5.5065503
CNC(=S)CN1C#C1,5.2343235
OC1=COOCC(F)=C1,5.1673117
N#CCCSCC(O)CN,4.7591257
NC(SCC(O)C(O)CS)C(O)S#[O+],4.9699655
NC1CCOC(N[N+]#[O+])C(OC=CO)C(O)C(O)C1,5.322689
N#CCCCNC#N,5.109631
OC1COC(C(F)F)C(O)CC1O,4.7124906
OCC[SH]1CC1OC1CC(O)C=C1I,6.0242105
O=C(O)C(=O)CC1CC(O)O1,5.053793
NC(=O)SCCC(N)C1=NC=N1,4.9628243
O=C1[O+]=NNC(Cl)C(=O)NC(Cl)CC1O,5.1698136
O=C1OC2(O)OC3OC1OC2C(O)C3O,5.501468
NC1N=C(O)C1=O,4.9438505
N#CCC1=CC(CNO)=C1F,6.6232576
CC(O)(CCCC1CN1)C(NCC#N)[SH](=O)=O,5.598528
O=COC1C(O)(O)C(O)C1(O)O,4.747263
C#CC(O)C1CCCC(O)(CCCC#[O+])C1,4.736354
C#CNC1C#CN=C(N)C1=O,6.1380105
O=C(O)C1C(O)C(CO)CC1(O)O,5.032018
O=S1NC2=C(Cl)C1=N2,5.819285
CC1CCC(C2(C)CCCNc3ooc32)CC1,5.1862135
C#CC(=O)C1(OCC(O)C=O)CN1,6.0831037
O=C(O)CC(O)(O)C(O)C#[O+],4.916825
CC=[N+](C)CC#CC(=O)O,5.8251595
COC1(C(C[N+]#CCCCO)N(O)C#CC(=O)NC#[O+])CCC1,5.208076
O=CC1=C2C3=C4C(=S34)C(=C1O)S2(=O)=O,6.3433704
CC(=O)CC(CCO)C[SH](=O)=O,5.3684645
CC(C(=O)S(C)(=O)=O)C1C=CC1,6.3857927
O=C1NC(=O)C1OS(=O)CCCCOC(F)F,5.7944756
N#CC1=CNC(N)CCC1,4.927519
C#[N+]CC[N+]#C,4.399846
O=C(CCO)CC(=O)NC(=O)O,4.6515093
NC(=CCCCC=O)C(=O)O,5.5096865
OC1CCSCCNC12CN2,4.555686
O=CCN1CC(=O)C1=O,4.7363524
CNCC(=O)C1=CN=CC1(N)C#N,5.964661
OCCN=C1CNC1,4.6274805
O=C1C(O)C(O)C(=O)N1C1CC1O,4.860216
O=C1C2C3=CC2(O)C2CC(O)C(O2)C3[O+]1O,5.907455
C#CC(=O)NC(=O)C(=S)CCC,5.427802
CCC1=NC2C(=O)NC(NC(=O)CSC2O)N1,5.587385
CCCCC(=O)N(C#[SH])CCNC,5.361449
N#CC(O)C1(OCCO)OC12C=CC2,5.9941745
COCCCC1C(=O)NC1CN,5.4948587
C#CC1CNC(=O)C(F)C(NO)=NCCC(=O)N1,5.823295
NC1C=C(O)C(O)C2C3OC2C1(O)C3O,4.9544697
O=C(O)C(O)=NC1C(O)C1CO,4.7871046
N#CC(O)(C(O)C(O)CO)C1OC2C(=O)C2(O)C1O,6.3714724
CC(O)C(C)CCC(O)C(=O)NC1C(=O)C1C,6.6388597
CCC(=N)C1=CCCCC(N=N)C1=O,6.7026234
C#CCC1(CO)C=CC(=O)NC(C)C1,4.7057877
CC1=C2OC(CNC=C2NC(=O)C(=O)O)C(O)CN1,4.7906246
O=C(O)C1CC2OC(O1)C(O)CC2=O,5.79475
COC1C(O)=CC(O)SC(CC#N)C1O,5.735044
O=C1C(=O)N2CCC#[N+]C3C1C32,5.4345407
O=S1CCCC(CCO)N1,5.6304927
CC1OC1N(CCO)S(N)=O,5.2897177
OC#COCC(O)C(O)C(O)CO,4.773117
N=C(O)C(O)C1OC(O)(C(=O)O)C1O,6.016905
CNC(CC1OCC(O)=C1C1CC1O)C(=O)O,5.790261
C1C2=C3CN4C(=C23)C14,5.750366
CC(CC1NC1=O)N(C)C1CCNC1,5.590617
O=C1CC2CC=CCCN1C(=O)[N+](=O)C2,5.686047
O=C1CCC1OC(=O)C(O)C1(F)CC1O,4.796605
CCC(OCCC1=NCC(O)C(=O)N1)C(=O)O,5.3707056
CC12C3CC1(O)C(O)CNC(=O)C2O3,5.9113374
O=C1CCNC(=O)N1,4.8561306
NCC(C#CCl)N(CC(=O)O)CC1CN1,5.148889
CC(=O)N1CC(O)CNS(=O)C1=O,6.666837
N#CC12C=C3C4COCC1C4C2C(=O)NS3(=O)=O,6.6954746
O=CC1=C2C=C(O)C(CC(=O)O)=C2O1,4.663836
O=CCOC(=O)C#[O+],5.0666876
OC(C(O)(O)O)C1(O)OC2OC21O,5.353228
CC#CCCCC(C)O,4.8961143
O=[N+](NC#CO)OCC(O)CO,4.6975794
C#CNS(=O)(=O)CCNC(=O)[N+]#C,6.2318025
O=CC1(CO)CC(=O)[N+]#CC(O)C1,4.607601
O=C(O)CC1CC(NC#[O+])CS(=O)C(C(=O)O)C1,7.018151
CN1C(=O)CNC1(NOC(=O)C1NC1=O)C1NCC1O,5.5807047
NC1C(O)C1OC1OC(=O)C1O,4.73209
O=C1C#[N+]C#Cn2ccc(c2)CN=N1,4.85779
O=C(O)C(N[SH](=O)=O)=[O+]C(=O)C(O)=S,5.139894
OCC(O)=CCC12CC(O)=C=C3C=CC(O1)C3C2,5.856583
CC#CCCCC(OC)C(=O)O,5.455448
O=NC(=O)N1CC(S)C2=CC1=C(Cl)C2=O,5.2003965
CC1(O)C(C#[O+])C2OC3C4OC1C2(O)CN3C4=O,6.167044
CC(O)C(O)(O)CC(O)S(N)=O,5.0652514
NC(=O)C1C#CO1,5.125592
CC1CC2=CC(O)(C=C(C(O)C3C#C3)O2)C1,5.571972
C#CC#CC(Br)CNS(=O)(=O)NCC1(O)CCC1,5.661849
O=CC1=C2C3=C4CCCC(=O)C3=C4C34CC13NC(CO)=C4C21CC1,6.34427
O=C(O)C(O)Cl,4.6197767
C#CCC12C=C1C(O)C(C(=O)O)C2,6.2832103
OCC1(O)C#CC1,4.5959783
N#S(=O)C(C(=O)O)C(O)COC(=O)O,5.600285
O=C(O)C1(O)C#CC2OC(O[N+]#[O+])C(O)C21,5.643798
O=C1NC(O)CC1C1=C2CCCCN21,5.7842913
C#CC1C#CC=C(NC(=O)OS(#N)=O)CNC1,5.582677
NC#COC1(C(=O)O)C(O)CSC1O,5.459984
OC1C#CC2C#CC=C(O2)C(O)CCC1,4.539516
NCC(O)(O)C(O)C(N)(Cl)C#CO,5.0830545
O=S(=O)(O)OC(O)CC1SC(O)C(O)C1O,5.2504525
N=CNC#CN=CC(N)C=S,5.223022
OCCN1CC=NC1,4.7221966
C#S(=O)CN1CCC2(C=C2O)CC(CO)C1,5.5959845
O=C1CCC=CN1,4.8417754
N#Cc1c(C(N)=O)c1=O,6.596237
OCCC1NCO1,4.692485
O=C(O)C(CC(O)CO)C(O)C#CO,5.1232376
C#CC1(O)C(O)C(OO)C2COC1C(O)C2O,5.298119
CC1=C(C)C1C(C)CC(O)C(=O)O,5.695887
C#CC1(O)C=CCC(CO)CC1=C(C)C(=O)O,6.3164425
N#CS(=O)OC=O,5.7200594
NC1C(=O)OC1(O)C(=O)C(=O)O,5.4348946
CC(O)C(O)C(O)O,4.596301
C[O+]=C(NC(CSC)C(O)C1OC1O)C1COC(=O)C1,5.818587
N#CC1OC1C(O)C(O)C1OCO1,5.3680916
[O-][N+]#CC1=C(O)C#C1,4.851968
N#CC(CO)C1(C=O)CC(F)(F)C1=O,5.9966383
CC=C(CO)CCCC=CCCC,5.2743216
C#COC(COC)CC(=O)O,5.722839
O=C(O)C1(C2C(CCO)CN2O)NC1=O,4.917648
CC(I)=CC(=O)NCCBr,5.0318966
OCC1C(O)C2CN=CN12,5.0296445
O=C1CCC2C1OC2C(O)O,5.03466
N=NSC1=NC(=O)C=CNC1,4.877267
O=CC(O)C1(O)C(=O)CSNC1=O,6.3122864
O=C(O)CC(O)C1OC23CCCC(=O)OC(=C1OC2)C3,6.093999
O=CNC(=O)CCCC(O)C1CO1,4.893447
O=C(NCCN1C#[N+]S1(=O)=O)C1CCO1,6.9826913
N#COCOC1OC(C(O)S(=O)(=O)O)C(O)C1O,5.8687105
C=C(C)CC(C)C1CC1=C,5.8458924
O=C(O)CC(O)O,4.9365044
OC1CC2OC3CC(O)C(CC23O)C1O,4.8112445
C#CCNS(=O)(=O)C(=N)S,6.0650816
CNCCNC1CCCC2CCC(C1)O2,5.07078
O=C(O)C1CC=C2OC(O)C(O)C21O,5.676984
C#CCC(OS(=O)#CC)C(=C)C(O)O,5.8148685
CC1(CN)NCNS(=O)C1CC#[SH],6.1320853
C#CNCC(=O)OCCNS(=O)(=O)NC#C,5.9939013
CC1CC(N)CCC1C(=O)NC#N,4.8036876
N#CCC(=CCC(N)=O)CCC1CCCC1C=O,5.9215245
CC(=O)OC12C#CC3C(O)C(OCCC1O)C3C2,5.425683
NC(=O)OC(CCC(F)F)NC(F)(F)C(=O)O,4.929349
O=C1C=CC=C(O[SH](=O)=O)C#CCO1,5.1800327
NOC(CC#[N+]S(=O)(=O)C1=CC=C1)CSCCO,5.4274225
O=C1CC(CCO)C(O)CC1CC1CO1,4.8672605
N#CCC1OCCC2(O)N=NC1=N2,5.6086755
C[SH](C)CC(C=N)C(=O)O,5.3960915
O=C1N=COC(O)C[N+]#CCC1O,4.630028
C#CCCC(=O)C=C1C#CC(C)(C=O)C1,5.11743
N#CC(=O)OC1CCC2(COC1)N=CCN2,5.6091943
CC(C#[SH]=O)C(CC(=O)O)CC1=CC#C1,5.645038
OCC(O)C(O)C1NC1O,4.557868
O=C(O)CC(=O)[SH]1Cc2c1c2=O,6.513208
OC=C(O)C1CC(O)CCC(O)CN1,4.986012
FC1=CC=C1,5.1059237
N#CC1C#Cc2c(O)c3c([N+]#CC#[O+])c1c2-3,6.354369
O=CCCC(=O)C1OC1C=C(O)C#SO,6.5892177
OCC(O)C1(O)OCC1O,5.0160055
C#CC(C)C(=O)O,5.157177
O=C1CC(NCCC2=C(O)C(O)O2)CO1,5.2773314
CC(O)(C1=CS1)C(CCC#CO)CS(=O)(=O)O,5.7569637
C#CNC1C(O)C2C(=O)NC3CN4C3N2CC14C,5.5070553
CO[SH]1(=O)OC(O)C(N)CCCC1(O)CO,5.7385387
N#CC1=NC(=O)N1CCNC=O,5.731574
O=CC1=CC2=NC=C(Br)C=C1C2,5.83397
O=CC(=O)C1(S(=O)O)C=N1,4.9441895
C#CC1CCC(O)=CC(=O)N1,5.008021
O=C(O)C=C(O)C(=O)C1CC(=O)N1,5.824363
N#C[N+]#CN1CC2OC(=O)C(O)(O)C(O)C(O)C21CO,5.151478
CC(O)=NC1=NC(CC#N)CC1=O,5.9342375
C#CN1C(=O)CCCN1C=O,4.7367716
O=C(CO)C1NC2CC2C1O,5.002246
CC(CO)C(NC(=N)C#N)C1CC1,5.726936
O=C1C=CC(C#CC(O)C(=O)O)N1,5.115308
N=C1OC(CCO)COC1CC(=O)O,5.591808
C#CCCC#N,4.583436
O=CC1(O)CNC(=O)C1=O,4.922161
O=C(O)C1C#CC2CCC(O2)C(O)C1,5.1895313
C#CCC(N)C(C)CC(O)CC(=O)O,5.1233826
[O+]#CCC(O)CNCCC(F)(F)Br,4.950037
O=C1COC(O)C(O)C(=O)N1,4.8810554
C#CNC(=O)C(O)C1=CC(C#CCC)=C1,5.506195
CCC1C[N+]2=C(C)NC(C1F)C2C(=O)OC(=O)C#N,6.115421
C#CC(C)NC(O)CC=O,5.0882597
CC12CCC(CC(O)C1C(=O)O)N2O,5.0877643
NCC(=O)CC(=O)NC(=O)C#[O+],4.9049735
C#[N+]C#CSC(C)(O)NS(=O)CO,5.6636386
CCC(SC=N)C(=O)NCCNS(N)(=O)=O,5.4792995
C1OC2CNC3=C1C3S2,6.289511
N#CCCNC=CC(O)C(N)=O,6.0578256
O=S(=O)(O)C1COCC(O)O1,5.3696427
CC1(O)OC(C[N+]#CC(O)CO)CC1O,5.383401
N#CSCC#CCOCCO,4.552494
CC(C)NC(C#N)=C(O)C(=O)O,5.812318
C#COC1(O)C(O)C1(O)O,5.4353313
N#CC(O)CC(C=O)C(=O)O,5.454969
O=C(O)C(O)NC1C#CCCNC1,4.9106803
OC1CC#CCC(C2(O)CC2)NC1O,4.6598525
C#CNC(=O)S(=O)C(=O)F,6.11752
COC(=O)CC(C(=O)Br)C(C#[O+])OC,6.410754
O=CC[N+]#S(=O)C1(C=O)CC1=O,6.0857096
OCC(SC1=C(O)C(O)=C1)C1CN1O,5.295431
NC(=O)COCCCC(=O)C1=CC(O)CC1O,5.587963
O=C1OS(=O)(=O)C1=O,5.301952
NC1C(O)C(C(CO)OC(O)C(O)CO)C1O,4.5504136
O=C1CC(C2CNCC(F)N2)N1,5.110013
[O+]#CCC#CC(O)CO,4.610792
CSC(CO)C(N)=O,4.7493544
CCS(=O)(=O)O,5.1296387
O=C(O)C[N+]#[N+]S(=O)O,5.7278514
C#COS(=O)NC(O)C=O,5.7975917
CC(O)C(O)CO,4.5632954
O=C1CCS(=O)N1,6.019558
C#CNC(=O)N1C(C=O)=NN2N=C1C2=O,5.2304745
O=C(O)OCS(=O)(=O)O,4.91318
NC#CCNCCOCC(N)=O,5.185057
O=C1C(=O)[N+]2=C(O)C3C=C1CC32,6.09132
O=[SH](=O)c1cccc(O)c1,5.1540275
O=C1C(O)C(O)C(O)C(O)C1(O)O,5.4233985
O=[SH]1(O)OCC(O)(O)C1(O)C#CO,6.5027523
CC(=O)N=CNC(Br)(Br)CO,4.6560745
N#CCC(O)([SH]=O)C(=O)O,5.531005
O=NC(C1CNC1=O)C1(CO)CC#CS1,5.9085364
CC12CN(C3CC31)C2C(O)C#CC(N)=O,5.265919
NCC1OC2C(=O)CN3CC(=O)C(O)(C2O)C13,5.691482
C#COC(=O)C(=O)CCC(=O)O,5.514888
C#CNC(=O)C(O)CCC(O)C(O)C#[O+],4.9321136
C#CC(S)=C1C(O)C(O)CCC1C1(C2CC2)CC1,5.9351463
CC=C(N)C1=C2CC(CCC)C(=O)NC2C1,6.684137
C#CNCC(=O)Cl,5.414497
CC(O)(CO)CC(O)O,4.643118
N#S(=O)C1=CC2=C1OS(=O)(=O)CCCC(CO)C2,6.0502086
N#CS(=O)(=O)C1=CC=C1,5.721736
O=CC1C(O)C(O)C1O,5.1047463
CC(O)C(O)C(N)C(=O)O,4.641801
CC12NS(=O)(=O)C3=C(Br)C=C1C1=CN3CC2N1,6.757792
NC(=O)C1NC1C(=O)O,5.9645734
N#CCN1CCCC1C(=O)O,5.042485
CC1C=C2CCC1(C(=O)O)CC(O)C(O)C2,4.820107
CC1NCC(=O)[N+]#[N+]c2cccc1c2,4.8284855
C#CN1CCC2(O)CC2C1=O,4.808651
O=C1OC2=Cc3ccc(c1c3)S2,4.9845624
O=C(O)C(O)CC1C(=O)CC1O,5.4974875
OC1CC2(OC2(O)O)C(O)C1O,5.377064
CCN=CC(=O)NCCS(=O)(=O)C=O,5.2883935
OCC1COC1,4.54506
CC12CC(CC(=O)S(#N)=O)C1C(=O)NC2=O,6.134582
N#CCCCCS(=O)(=O)N1C=CC1=O,5.6549234
NS(=O)(=O)C(O)C(O)(O)O,4.9543157
C#[SH](CS)C(O)C1C(N)CN1C(=O)O,5.2915325
OC1=CC(O)OC2CC2N2CC2=C1,5.330595
C#C[O+](C)C(CN)C1(C#C)CCC(=O)N1,5.2676535
CC1=CC(O)CNS(=O)(=O)N(C)CC(C)N1,6.1207485
O=C(CO)C1C#CNCC(F)(F)C(=O)N1,4.8015785
O=CC(O)F,4.6294036
O=C(O)CCS#COC=CC(=O)NC(=O)O,5.1907134
NC=C1OCC(C(=O)O)C2NC12N,6.007816
C#CCC1CCNCCC(O)(O)C1O,4.8334103
O=NCC(O)C1OOC2=NC(O)CC3C1C(=O)N23,6.0046124
NC(CNO)OCSCCO,4.591765
O=CSC1CCC1,5.1033006
CC1(CC2CCCO2)C=C(C(=O)C(=O)O)C1,4.99007
NC(C#[O+])C(C#CC(O)CO)C(CO)OO,4.961274
N#CC1(C(=O)CO)OC2=C(C(O)=C2)C1N,5.7492085
N#CCS(N)(=O)=O,5.762137
NC(=O)SCC(=CO)CO,4.882661
N#CC#CCCS(N)(=O)=O,5.847779
CC(O)C(C(O)OC#CO)C(O)C(O)CO,4.613707
O=CS(=O)CC1C=C1,6.002367
OC1(C2CO2)CCCNC1C1CO1,4.741977
O=C(O)C(C=CCNC1=CC=C1)OCO,4.775039
CC#CN(C(=O)C(=O)CC#N)C1=CC1,5.0753717
NC(=O)C1CC(C(O)=[O+]C2CC(=O)CO2)N1,6.4971075
OC1CCC2C3C#CC(O3)C12,4.7392945
NS(=O)NC(C(=O)O)C(C(=O)O)C1CO1,6.0373693
N#CC(O)CC(C=N)C(O)C(O)C1NC(=O)O1,6.0720162
CC12C(=O)CN1c1ccc(=O)cc2c1,5.79611
OC#CCC(O)OC(F)(F)CO,5.011842
CC(=O)CCC(=O)C1=CCN1,5.483495
C#COC(=O)NC1CC(=O)N1,6.1642475
CCC(=O)NC(C)C(=O)CC1CC1C,5.569292
O=C1OC(=O)C2(C#CO)C(O)C1C2O,5.272684
CCCNC(=O)C(C)CCC#CCl,5.451335
NC=NN1CCCCC1=O,5.3036747
O=C1C2=CCN1S(=O)(=O)C(O)C2,6.0239587
C#CC(NC(C)C(=O)NC)C(=O)O,5.7434273
CC12CC(C#N)C(CC1C1(C)CCC1=O)O2,5.4383903
N#CNC1=CC1(Cl)OC#[SH],6.2759767
C#CCN(C[N+](CC#C)(CCC#N)[SH](=O)=O)C1CC1,5.8132663
O=C(Br)C1N2C=CC3C4CN3OC41C2=O,6.553402
CC(=O)NC(=O)CCCC1=CC([SH](=O)=O)=C1,6.2615566
CN(OC(=O)CCO)C(=O)C1=CC=C1,4.9231215
C#CC(=O)COC(=O)C#CCC=C,5.826442
CC12C3=CC45C6=C1C4(CCCC62)CC35,6.0989676
C#CCOC(=O)C(O)C#CC(=O)[N+]#C,4.7269073
C#CCCSC(=O)C(O)C(=O)O,5.6659946
N#CN1CC1,4.488954
O=CC(CBr)C(C=O)[SH](=O)=O,5.444337
CCCCC(O)C=NC(C)=O,4.8069863
NC1C=C=CCCCC1,4.583476
NC1CC[SH]2CNC12,4.433794
CCSCC(O)C(=O)NC#CO,4.7175207
C#[N+]CC1OC(O)C2N3C4CC12OC43,5.253518
O=C1CC2OC2CCC(CO)N1O,5.7241187
O=C(C=CC1CO1)C(O)O,5.28911
O=C1NCCC(O)=CN2CCC(CN1)CC2=O,5.0508785
O=C[N+]#CC(O)CCCC#[N+]O,4.9517264
OC#CCSC1C(NO)N(O)C1C(O)O,5.18606
O=C(O)C1NC1CC(O)(O)C(=O)O,4.992933
O=C1CCCNCCC(CO)S(=O)N1,5.6935205
CC(O)C1CN([SH](=O)=O)C1NC#[SH],5.6540775
O=C(O)N[SH]1(=O)C=N1,4.9050484
OCC(O)C1C(O)CC(O)CC1O,4.6210885
CC[N+]#S(=O)C(OCC[N+]#CS(=O)#[O+])C1CO1,5.982376
NC(O)(CO)C(O)CC(=O)O,5.0695333
CC(O)C(O)C(O)C(=O)O,4.711351
O=S1CCC(O)CC2(O)C(O)C(O1)C2O,5.915683
CCCC(=CO)C(=O)O,5.1108127
CN(CCC#CC(=O)O)S(=O)C#CO,5.9455013
N#CCNC1=C(S(=O)(=O)O)C=C1O,6.1640983
CC(=O)N(C)CCOC1=CC=C1,5.07658
CCC(=O)OCC(=O)O,4.9284973
O=C1C(O)C(O)C(O)C2NC3SC(O)C3C1(O)C2O,5.4577665
O=C(CN(O)OCC1(O)C(O)C1O)C(O)O,5.0029583
O=C(CC(O)O)N1CC(S(=O)(=O)N[SH](=O)=O)C1,6.385251
OC1C=CC2=CC2OC2OC12,5.622801
CC1(C)CC2=C(CN2)OC2=C1C(=O)C=C2O,5.4485407
CC1CCC(C=O)COC1C(=O)C(=O)O,5.5550537
CC1NCc2c(c3oc2=3)OCC1C(Cl)CNS(=O)(=O)O,6.5658593
CC1(NC(=O)CF)CCCCC1,4.6855354
OCC1OC1C1NC2CC2(O)COC1O,4.8693213
OC1CC#COC1,4.3258915
O=C1C2[N+](=C(O)C3=CN13)CC2(O)F,5.6065116
O=C(O)C#S(=O)C1OCCOC(=O)C1O,5.8318224
CCC#CC(=O)O,5.096935
N=CCNC(=O)C1=CC=C1,5.174988
CC(C(O)CC(I)C(=O)O)C1CO1,5.0102434
N#CC1OC(O)C(O)C(N)C(O)C(NO)C1O,4.9851627
C#CNCC(=O)C1ON=NC1C,5.5970235
N#CCC(C#[O+])CCOC#[O+],4.8615174
NCc1cnc(F)c(O)c1F,6.2970862
C#CCC(O)C=CCNCC(C=N)CCO,5.841844
CC(O)=[O+]C(=O)C(F)(Br)CO,4.6737356
N#CC1C2CN1S(=O)(=O)OCCC=N2,6.647954
CCC(C)C1=CCC(=O)SC1=O,5.1758924
C#CC1CCC(=O)CC(C)(C#[O+])C(O)C1,4.6552954
OC1C(O)N2C1C2(O)I,4.800493
OC(O)C12C3=C4OC5(O)C(O)(C1N(O)O3)C25C4(O)O,5.3514166
O=C(O)C1CCC1O,4.861212
C#CC(=O)COCCCC(O)C(C)=O,5.232012
ONC1CNOC1CCC1CC1,5.0982075
O=C1N2SCCC2CC2=NC1(CO)N2,5.681494
O=C(O)C(O)(CSO)C(O)CO,4.6586194
CCCNC1C2C=C(S2)C(O)C1(O)O,6.6715794
O=C1C(O)N1C(CCC(O)=CO)CC1SC=C1O,7.0195885
CC1C2OC(=NC2=O)CN1O,5.057683
C#CCC(=O)C1C=CC(=O)O1,4.9726024
OCC(O)C(O)SC1CCC1O,4.6501455
O=C(O)C1C(C2=CC2O)[SH]1(=O)O,6.5287013
O=C1C2=CC1=C2,4.3327413
N#CCC(O)C(O)C(O)CO,4.7394056
O=C(O)CCC(=O)O,5.2156706
O=C(O)OCC(C(=CO)OO)C(C(=O)O)C(=O)O,5.8335567
O=CCCC(C(=O)CO)C1C=C(CBr)C1,5.335222
CC=Cc1cccc(CC2C(=O)NC2=O)c1,6.5372343
C#S(=O)N(O)S(=O)(=O)N1CCC1,5.579979
O=C(O)OC1C2C(CO)OC(=O)C1(O)C2O,5.2166963
CC#CNC#N,4.900845
CC(NC#CO)C(=O)O,5.261196
N#Cc1ccnc(C2C#CCC2)c1,4.824262
NC(=O)C(O)C(O)C(=O)C(=O)O,4.9718904
N=C1NNS(N)(=O)(OCC(O)CO[SH]=CS)N1,5.181404
NC1=NC2=NC12F,5.506229
CC#[N+]C(=O)OCC(=O)C#N,5.068808
C#CCN(CO)C1=CC(C(=O)[N+]#CO)=C1,4.8714147
C#CCCC1CC2CCC(N)C12,4.58584
Fc1ccc(F)cc1,5.3918056
CC(O)(CCCC=O)C(=O)O,5.026605
O=C(O)NCCC(O)C(O)CC(O)C(=O)O,4.966255
COC#CNCC(CNC#N)N1C=C1,5.357603
O=C1CC2OCC(O)C(O)C=C2N1,4.982131
O=C(O)C(O)CC1C(O)C(O)C(O)(O)C1O,5.0223985
O=C(O)C(O)C(O)COC1CC2CC(O)N21,4.866523
CC(N)SCCOC1CCO1,5.0162315
CC(NC(=O)NC=O)C1CCN1,5.0038404
CC1C=C2CCC1C2O,4.983821
N#CCCC(O)C1NC1=O,5.2673206
C=CCC(=O)C(=O)NCC1C#CCC1=CC,6.0773206
C#CCC(SCCO)C1C=CC(C(C)CO)C1,5.362693
C#CC1=NC(=O)CNCC1=O,4.758927
N#CCN1CC(CSCCO)[N+]#S1=O,6.2458735
O=CC(OC1C#[N+]1)C(O)=CCO,6.0166783
N#[SH]1OCC#CC(O)C1CCO,5.4240427
CC1C#CNN=C(O)C23CCC2(C3)NC(=O)C#CO1,5.497656
C#CCOC12C(C)(O)C13COC32O,6.3745513
CC(CC=CC(C[SH](=O)=O)C(=O)NO)C(=O)C#[O+],6.6123796
O=C1C[SH]2(=O)CCCC(O)(CO2)C(=O)O1,5.863015
CC(C(=O)[SH]=O)C(O)C(CO)C(C#N)[N+]#CC#N,5.5773706
c1cc2ccc1-2,4.272669
CNC(=O)C(N)C(O)CCCO,4.9140086
CC#CCC1OCCNC#CC1C(=CS(#N)=O)C1C=C(C)C1=O,5.7190943
N#CNC(CCCN1C(=O)SC(=O)C12N=CO2)C(N)=O,7.111508
CCC(O)(C=CO)C(=O)NC(=O)O,4.5755916
O=C1CCOC(O)C2OC3C2CC(O)C3O1,4.731141
COC1(O)C(C(=O)O)CC(O)CC1C(N)CO,5.496361
CC1=C(O)CC1O,5.018931
CC#Cc1c(NC2=NOC2=O)c1=O,5.663807
[SH]#CC1CN1C1N=CC2=NC1=N2,6.142144
O=S1(=O)OCC23CCC2=C1CO3,6.4187965
N#CCCC(O)C(C#CO)C(F)C#CO,4.902053
N#CCN(C(N)CN)S(=O)(=O)O,5.7040386
C#CC(C)CCC1(C)CCC1C,4.7470765
CNCC(=O)O,4.9459753
OC1C(O)C1O,4.388933
O=C1CC(OC(=S)CS)C(O)CO1,5.1082706
O=C(O)C1CCCC(CO)C1CC#[O+],4.9389024
COC(=O)C=C1CC2CCC1(O)CC2O,5.5764422
O=CCC(=O)[N+]#[N+]CC1(O)C#[N+]C(=O)C1O,5.0613256
C#CN=c1nc1C(C=C)CNC(=O)C#N,7.1220236
COC12C=C3CCC3C=CC1=C2,6.6898556
NC1=NS(=O)CNS(=O)(=O)N=C1,5.8321695
O=C1COCC(O)C(=O)CO1,4.6241198
