hidden_dim,num_layers,dropout,learning_rate,weight_decay,batch_size,max_epochs,patience,best_epoch,train_rmse,train_r2,train_pearson,val_rmse,val_r2,val_pearson,test_rmse,test_r2,test_pearson,trial,elapsed_seconds
256,6,0.05,0.0005,1e-05,32,300,50,31,0.4097524017149552,0.8380317091941833,0.9294496850999988,0.5254282033875364,0.6525306105613708,0.8114142874545424,0.6963567072256835,0.23468327522277832,0.6371025438348248,221,115.03
128,6,0.2,0.0005,1e-06,32,300,50,89,0.4431457340893815,0.8105562925338745,0.9076746728460736,0.5461809113324783,0.6245408058166504,0.7973933643721901,0.7140563630689682,0.1952839493751526,0.6327943023188056,157,123.68
128,6,0.15,0.001,0.0001,32,300,50,56,0.4120192225772702,0.8362346887588501,0.920421829110023,0.5519850271499016,0.616518497467041,0.7943948081457377,0.7903464418410437,0.01414579153060913,0.5998546906559223,153,94.03
128,4,0.05,0.001,0.0001,32,300,50,42,0.3787321890366555,0.8616269826889038,0.9391730073268968,0.5575936708318244,0.6086859703063965,0.7886639453227179,0.7213540794473496,0.17875134944915771,0.629647293207384,117,60.96
64,6,0.05,0.001,1e-06,32,300,50,40,0.42179998861238693,0.828367292881012,0.9125152611496127,0.5618013705849692,0.6027578115463257,0.7870025227674975,0.6741500748791958,0.28271645307540894,0.6403678214689069,61,74.75
64,6,0.15,0.001,1e-06,32,300,50,45,0.49537821854193853,0.7632659077644348,0.8879993193815316,0.5675227768986338,0.5946255922317505,0.7948783342332246,0.6831775597248848,0.26337766647338867,0.6725240584319102,70,90.1
128,6,0.15,0.001,1e-05,32,300,50,51,0.4408722576048493,0.8124951720237732,0.9091910305132238,0.5688678263088507,0.59270179271698,0.7769660659977082,0.7269971634338536,0.16585201025009155,0.6043447962246378,152,89.35
128,6,0.2,0.0005,0.0001,32,300,50,58,0.4957838066460745,0.7628781199455261,0.8942771232862352,0.5760913339993063,0.5822923183441162,0.7763699947608618,0.6560859929366851,0.3206411600112915,0.6855224499670767,159,97.38
256,4,0.05,0.0005,0.0001,32,300,50,32,0.4831375342762741,0.7748206853866577,0.923323962405984,0.5765241677378932,0.5816644430160522,0.7906358630283261,0.7870057371456325,0.02246236801147461,0.6086948891985622,195,84.53
64,6,0.15,0.001,0.0001,32,300,50,75,0.46533291187183035,0.7911115288734436,0.9010054775804759,0.5767714403546679,0.5813055038452148,0.7724443309713713,0.6755710561568526,0.2796894907951355,0.6432912843953908,72,120.31
256,6,0.15,0.0005,0.0001,32,300,50,46,0.3931215993858472,0.8509126901626587,0.9229779230859826,0.583226812945785,0.5718808174133301,0.7856013918287728,0.6901091137594767,0.2483542561531067,0.6562833339292943,231,138.28
128,6,0.05,0.001,1e-06,32,300,50,50,0.31749801892315827,0.9027546048164368,0.962584043056951,0.5832413759865281,0.5718593597412109,0.7814928479883415,0.712978493487853,0.1977115273475647,0.6532897906138123,142,87.76
128,6,0.15,0.0005,0.0001,32,300,50,49,0.4525051645911531,0.8024695515632629,0.8985375581482486,0.5832664644424909,0.5718225240707397,0.7757682541156963,0.7046908215700348,0.21625477075576782,0.6197916801797076,150,87.26
256,2,0.2,0.001,1e-05,32,300,50,65,0.39552171470792374,0.8490866422653198,0.9271229302928754,0.5834105871906635,0.5716109275817871,0.7876441726791745,0.8087089567073128,-0.032196044921875,0.6090041534550981,188,74.49
128,2,0.05,0.001,1e-05,32,300,50,46,0.31310351031527756,0.9054279327392578,0.9562709535373792,0.5868116597291368,0.5666016340255737,0.785328175347077,0.7313793035448067,0.15576565265655518,0.6394759297603283,89,30.19
64,4,0.05,0.001,1e-05,32,300,50,42,0.3973476614030158,0.8476900458335876,0.9279411028269283,0.5869084515041559,0.5664587020874023,0.7697162520174338,0.7613491628919702,0.08515942096710205,0.5981182961137919,35,40.88
64,4,0.05,0.001,1e-06,32,300,50,39,0.4236329679721883,0.8268723487854004,0.9195186623940355,0.5904798551364607,0.5611663460731506,0.7640846013115602,0.7341319554494852,0.14939892292022705,0.6025937490676665,34,38.88
64,2,0.05,0.0005,1e-05,32,300,50,51,0.4717670778307694,0.7852950096130371,0.8999344414846744,0.5921298056808704,0.5587104558944702,0.7613471776057408,0.7093953184335228,0.2057552933692932,0.6409467129321849,5,46.27
256,4,0.2,0.0005,1e-05,32,300,50,41,0.4836150175480709,0.7743753790855408,0.8867383437873595,0.5935665650354565,0.5565663576126099,0.7629946111894295,0.666963814038365,0.2979270815849304,0.6622280119483454,212,94.12
64,4,0.2,0.0005,1e-06,32,300,50,72,0.5420962671920874,0.7165086269378662,0.8546565063078974,0.5953420076040884,0.5539096593856812,0.753865301929304,0.655653114443349,0.3215373754501343,0.6628491836741625,49,76.92
256,4,0.05,0.0005,1e-05,32,300,50,45,0.3258035944861851,0.8976002931594849,0.9489828658038436,0.5959432149372015,0.5530081987380981,0.769978592353034,0.7243582812297942,0.17189663648605347,0.6245481021832233,194,97.92
128,6,0.15,0.001,1e-06,32,300,50,35,0.5143396077083423,0.7447963356971741,0.869031679605279,0.5987368270842527,0.5488076210021973,0.7488764051103235,0.6550141914664838,0.322858989238739,0.6290889733417325,151,75.76
64,6,0.15,0.0005,1e-05,32,300,50,99,0.4065122124947717,0.8405832052230835,0.9184314137318369,0.6004936829710338,0.5461559295654297,0.7591903662335722,0.7419260869678374,0.13124167919158936,0.5916248384325891,68,141.3
64,6,0.05,0.001,1e-05,32,300,50,36,0.47219984229043593,0.7849009037017822,0.8913388852115421,0.6009169991934514,0.5455158948898315,0.7506374024857343,0.7181832110497913,0.1859554648399353,0.6044233512179847,62,69.52
128,4,0.15,0.001,1e-06,32,300,50,51,0.4825643722800228,0.7753546237945557,0.8878755566398626,0.6015689651340013,0.5445290803909302,0.7580112207407192,0.7073667794420828,0.21029114723205566,0.6431884613575689,124,67.08
128,6,0.05,0.0005,1e-06,32,300,50,26,0.46484439112514875,0.7915498614311218,0.8974998112262014,0.605336131676887,0.538806676864624,0.7564619788606091,0.7203814194284183,0.18096458911895752,0.6427721066282701,139,66.63
256,2,0.15,0.001,0.0001,32,300,50,42,0.43017339110387,0.8214852809906006,0.9248622365111798,0.6074834222062248,0.5355290174484253,0.7433375696052823,0.7081161100497871,0.20861715078353882,0.6283468767460598,180,58.61
128,4,0.05,0.001,1e-06,32,300,50,32,0.49446737470509705,0.7641356587409973,0.9163574311153447,0.6087907778263251,0.5335276126861572,0.7552423851292183,0.7410148190266234,0.13337451219558716,0.6305144952418446,115,38.81
128,4,0.05,0.0005,0.0001,32,300,50,38,0.39268860282542734,0.851240873336792,0.9274820742879788,0.6105008362382415,0.5309033989906311,0.7585446986541948,0.7446312275834719,0.12489497661590576,0.6280089629450719,114,42.22
128,4,0.2,0.001,1e-06,32,300,50,87,0.45235889719109407,0.8025972247123718,0.9088839678804069,0.6109683650969051,0.5301846265792847,0.7529277740769916,0.762136843453698,0.08326542377471924,0.6030642480769722,133,90.71
128,4,0.2,0.0005,0.0001,32,300,50,38,0.5462115759614952,0.7121881246566772,0.8447134938410226,0.6119295519473449,0.5287052392959595,0.7447423943057472,0.6944277202393753,0.23891741037368774,0.6286628822718827,132,59.39
64,6,0.2,0.001,1e-05,32,300,50,108,0.5100375506190286,0.7490476369857788,0.8775086737421023,0.6127830717343836,0.5273895859718323,0.7453126190489933,0.7169314889510352,0.18879055976867676,0.5960791447688036,80,95.06
256,6,0.05,0.0001,1e-05,32,300,50,26,0.5391055103779642,0.719628095626831,0.8569207641370842,0.6139995717426137,0.5255112648010254,0.7386526405176813,0.6461937934147667,0.3409729599952698,0.6832606967040549,218,109.07
256,6,0.2,0.0005,1e-05,32,300,50,34,0.5997560800019184,0.6529945731163025,0.81248875530744,0.61496217549317,0.5240223407745361,0.7323160964173878,0.6971704540964485,0.23289352655410767,0.6295584379487784,239,91.92
64,2,0.05,0.001,0.0001,32,300,50,36,0.4616512655909529,0.7944038510322571,0.8948119498558471,0.6160587902826222,0.5223232507705688,0.733626577903894,0.7073382138051828,0.21035492420196533,0.6277444234187509,9,40.37
64,6,0.2,0.0005,1e-05,32,300,50,50,0.636773323575486,0.6088379621505737,0.8000580123299126,0.6179674748963367,0.51935875415802,0.7221483770465886,0.7444888123849528,0.12522971630096436,0.584184988068185,77,97.51
128,4,0.2,0.0005,1e-05,32,300,50,75,0.5158984586199106,0.7432470321655273,0.870634759318023,0.6192787088631831,0.5173169374465942,0.7339152727814872,0.668915306587812,0.29381263256073,0.6597021144650761,131,89.8
128,4,0.05,0.001,1e-05,32,300,50,41,0.37167433445694426,0.8667362332344055,0.9329356649367455,0.6197319215674469,0.5166101455688477,0.7509840842123834,0.7421671814395956,0.1306769847869873,0.6308483600964515,116,45.65
128,6,0.05,0.0005,0.0001,32,300,50,41,0.3893804560810232,0.8537367582321167,0.9320860381215463,0.6201838419978496,0.5159049034118652,0.7438926971008781,0.7742576874181046,0.05387455224990845,0.5952150917755568,141,80.62
128,6,0.05,0.0005,1e-05,32,300,50,32,0.4405009345305594,0.8128108978271484,0.9166335131400668,0.6203134301320364,0.5157026052474976,0.7401405555302003,0.6548460747857994,0.3232065439224243,0.6764056275076504,140,72.21
256,2,0.05,0.0005,1e-06,32,300,50,32,0.4752244299933405,0.7821364998817444,0.9194321151681487,0.6206394429365457,0.5151934027671814,0.7420399925760414,0.736206692262227,0.1445842981338501,0.6287306672405049,166,51.98
64,6,0.2,0.001,0.0001,32,300,50,55,0.5301124792133761,0.7289040684700012,0.8551651012550423,0.6213547020457142,0.5140753388404846,0.7295220851123898,0.7007970206400931,0.22489207983016968,0.6415882954159227,81,54.82
64,4,0.15,0.001,1e-06,32,300,50,35,0.5801323245637616,0.6753307580947876,0.8479571920203334,0.6242432304232202,0.5095469355583191,0.7185555059992419,0.7034518647729032,0.219008207321167,0.6105195787836729,43,51.33
256,2,0.15,0.0005,1e-06,32,300,50,30,0.520406344545292,0.7387404441833496,0.8704118570100445,0.6249605404795157,0.5084191560745239,0.7372468532137995,0.6798394132075579,0.2705586552619934,0.66539010518886,175,50.9
256,6,0.05,0.0001,1e-06,32,300,50,31,0.4578522700719327,0.7977736592292786,0.8968660070385409,0.627027227948253,0.5051625370979309,0.7405279539317283,0.6884730778599204,0.251913845539093,0.6759101565218905,217,116.8
64,6,0.05,0.0005,1e-06,32,300,50,44,0.3903494244313385,0.8530079126358032,0.9260402786455167,0.6271509351653881,0.5049672722816467,0.7339931242638192,0.689378339909809,0.2499452829360962,0.6386863553122561,58,81.68
128,2,0.2,0.001,1e-05,32,300,50,56,0.45557752720382494,0.7997781038284302,0.9050021191921872,0.6273998677200382,0.504574179649353,0.7478357229792976,0.7437731218350265,0.1269107460975647,0.6283309648683378,107,33.23
64,6,0.15,0.0005,0.0001,32,300,50,64,0.5431883662827782,0.7153652906417847,0.8597797347519371,0.6286428859697436,0.502609133720398,0.7396020293866705,0.7090490222388048,0.20653057098388672,0.6420066257753219,69,108.73
64,4,0.15,0.001,0.0001,32,300,50,46,0.48075180709884074,0.7770390510559082,0.886896161794851,0.6290645044847247,0.5019417405128479,0.7323289346742479,0.650625238116218,0.33190304040908813,0.6686030933399348,45,61.99
64,6,0.05,0.0001,0.0001,32,300,50,93,0.46908214245864893,0.7877318859100342,0.8901572406528998,0.6291526880248242,0.5018020868301392,0.7436159402846171,0.6763982436882016,0.27792447805404663,0.6739625766890334,57,120.1
128,2,0.15,0.001,1e-05,32,300,50,30,0.48669905094554256,0.7714885473251343,0.8794866257688667,0.6298632714840721,0.5006760954856873,0.7402677257917205,0.7098689170505574,0.2046944499015808,0.6386168963100071,98,26.59
64,6,0.2,0.0005,1e-06,32,300,50,71,0.5364136785297845,0.7224209308624268,0.8581674466182185,0.6300363752672151,0.5004016160964966,0.715846354133627,0.6871743514679622,0.2547335624694824,0.6087541403779128,76,118.01
256,4,0.15,0.0005,1e-06,32,300,50,38,0.46624232914829994,0.7902942299842834,0.9014010312514051,0.6301682173096026,0.5001925230026245,0.7430717853071297,0.7282567932304452,0.16295892000198364,0.6575816688603324,202,91.18
256,4,0.15,0.0005,1e-05,32,300,50,47,0.40565788694115645,0.8412525653839111,0.9303413824730484,0.6301713859089147,0.5001875162124634,0.7377696429338012,0.7341890302521819,0.14926666021347046,0.6319924812743203,203,100.46
64,4,0.2,0.0005,1e-05,32,300,50,63,0.5746501677326756,0.6814379692077637,0.8381445722891709,0.6315886354017077,0.49793684482574463,0.7243697922700748,0.6692899387071886,0.29302138090133667,0.6635038368569726,50,73.5
128,4,0.15,0.0005,0.0001,32,300,50,40,0.5080964688294566,0.7509541511535645,0.8712780469214747,0.6316843219426899,0.49778467416763306,0.7205064706898634,0.7055433645742939,0.21435725688934326,0.6055509542168016,123,59.85
128,6,0.05,0.001,0.0001,32,300,50,35,0.4000641398861849,0.8456003665924072,0.9213259163242296,0.6332035504762702,0.49536609649658203,0.7361271733154631,0.7369698477830982,0.1428099274635315,0.6162557244341355,144,75.37
256,2,0.05,0.0005,0.0001,32,300,50,21,0.5116032186066175,0.7475045919418335,0.8697963999401878,0.6333040282931649,0.4952058792114258,0.7235518022155856,0.6788444771884156,0.27269214391708374,0.640484340823593,168,44.59
64,6,0.15,0.0005,1e-06,32,300,50,81,0.4131641539344279,0.8353232741355896,0.9154534576777593,0.633521565795095,0.4948590397834778,0.736275132727338,0.7108392333143244,0.2025187611579895,0.64052139902832,67,124.21
128,2,0.15,0.001,0.0001,32,300,50,60,0.45266045402178456,0.8023339509963989,0.9060074973909977,0.6349594289855028,0.49256348609924316,0.7315630278903182,0.7724828126223693,0.05820727348327637,0.6140314318230253,99,37.16
64,4,0.05,0.001,0.0001,32,300,50,36,0.4282978300707631,0.8230385184288025,0.9191504462590685,0.6350048612048087,0.49249088764190674,0.7319137845284346,0.7039174594473512,0.21797406673431396,0.6472807425043845,36,38.06
256,4,0.2,0.0005,1e-06,32,300,50,68,0.44730818433546565,0.8069807291030884,0.9203419242936907,0.6354777171297429,0.49173474311828613,0.7658096573413453,0.7723513210758249,0.05852788686752319,0.6461923193008894,211,126.66
128,4,0.15,0.0005,1e-06,32,300,50,49,0.4912547552689113,0.7671906352043152,0.8896938925380854,0.6361192794920386,0.4907079339027405,0.7280292876180844,0.7184964437642286,0.18524521589279175,0.6391886090617813,121,65.71
256,2,0.15,0.0005,1e-05,32,300,50,35,0.5218255573539295,0.7373135685920715,0.8627731599375899,0.6363680991490045,0.490309476852417,0.721047863114618,0.6739784625868467,0.283081591129303,0.6478233393276318,176,53.69
256,6,0.05,0.0005,1e-06,32,300,50,32,0.4309896678482695,0.820807158946991,0.9092176513051737,0.6374900919948374,0.4885106086730957,0.7282537890629606,0.7337395780040902,0.15030789375305176,0.616777616208138,220,117.29
256,2,0.05,0.001,1e-05,32,300,50,31,0.4762420202072321,0.781202495098114,0.9116232778801852,0.6380935523702916,0.48754173517227173,0.7246463993353932,0.7267568184841445,0.1664034128189087,0.6163810573428751,170,50.68
64,6,0.15,0.001,1e-05,32,300,50,55,0.5088684254434535,0.7501968145370483,0.8890326846255523,0.639137891318958,0.48586297035217285,0.7071603873392709,0.6685560890069392,0.2945708632469177,0.6372875285725136,71,101.06
256,4,0.15,0.0001,1e-05,32,300,50,69,0.5287438068523198,0.730302095413208,0.8660977448214995,0.6392233797631621,0.48572540283203125,0.7346716996992085,0.694082243293764,0.23967450857162476,0.6664704582870264,200,123.22
256,6,0.2,0.0001,1e-06,32,300,50,45,0.6056422569485373,0.6461499333381653,0.8095894511792822,0.6412564166530635,0.482448935508728,0.7129964351964275,0.6905915368720177,0.24730300903320312,0.6503346699778201,235,115.34
128,6,0.15,0.0005,1e-06,32,300,50,66,0.46645847328505374,0.7900997400283813,0.8936572564661938,0.6420942995330187,0.481095552444458,0.7397451707562727,0.748791475946355,0.11508923768997192,0.638242781839821,148,102.56
128,6,0.05,0.0001,1e-05,32,300,50,47,0.4875213202680595,0.7707157731056213,0.879644267661152,0.6421156497309457,0.48106104135513306,0.7329202783304289,0.6820830737303573,0.2657359838485718,0.6678490190347658,137,85.35
256,2,0.15,0.0005,0.0001,32,300,50,37,0.5630005357902376,0.694223165512085,0.866544755723907,0.6421253035004211,0.4810454249382019,0.7124482716987313,0.6638490894944915,0.30446910858154297,0.6557545281489887,177,55.65
64,2,0.05,0.0005,0.0001,32,300,50,42,0.46689711575809095,0.7897047996520996,0.8895432636770766,0.6452171144348808,0.4760358929634094,0.7216726199945958,0.7006059663417804,0.22531461715698242,0.6487526042250226,6,42.38
64,4,0.05,0.0005,1e-05,32,300,50,49,0.4582453683045729,0.7974262833595276,0.8969858986080645,0.6454949081908551,0.47558462619781494,0.7155561763247226,0.7453775213577332,0.12313997745513916,0.6042933955892581,32,43.37
64,4,0.2,0.001,0.0001,32,300,50,80,0.5051475140907359,0.7538366317749023,0.8719174490233369,0.6471094526663659,0.472957968711853,0.7103888112018957,0.6414607806611793,0.35059159994125366,0.6625737544764906,54,87.07
256,6,0.05,0.0001,0.0001,32,300,50,36,0.44422642961828385,0.8096312284469604,0.910098308112003,0.6472984558877336,0.47265005111694336,0.721270463175814,0.6784319187463623,0.27357590198516846,0.6684470744341122,219,124.17
256,4,0.05,0.001,0.0001,32,300,50,47,0.3958209081841247,0.8488582372665405,0.9467564900287927,0.6473918895238152,0.472497820854187,0.7505349026127934,0.8837137263945835,-0.23253965377807617,0.5846931694650667,198,101.35
128,2,0.05,0.001,1e-06,32,300,50,24,0.48364912526428094,0.7743435502052307,0.8817329665372844,0.648117928866417,0.4713139533996582,0.7093620970237349,0.7450443097193142,0.12392377853393555,0.6011605852755901,88,23.3
64,2,0.15,0.001,1e-05,32,300,50,48,0.5358326667595609,0.7230219841003418,0.8644354798868978,0.6494540324136523,0.4691319465637207,0.7058516550407405,0.6543402130805269,0.32425177097320557,0.6582156813764453,17,30.82
64,2,0.05,0.001,1e-05,32,300,50,44,0.41723189957055845,0.8320647478103638,0.9153907053658643,0.6501814130567645,0.46794211864471436,0.7183280562313993,0.7307318555293479,0.15725970268249512,0.6310910531550538,8,42.54
128,2,0.05,0.0001,1e-05,32,300,50,62,0.5307987484477366,0.728201687335968,0.858172288953646,0.6505030171194632,0.46741563081741333,0.7187626267086495,0.6522576280954182,0.328546404838562,0.6785740328179934,83,35.1
256,2,0.2,0.0005,1e-05,32,300,50,44,0.47698144789571834,0.7805225253105164,0.8852528144557488,0.6506409034654205,0.46718984842300415,0.71707673675802,0.6696775786162893,0.2922022342681885,0.6608015175324573,185,59.22
64,4,0.2,0.001,1e-06,32,300,50,63,0.48037914277910154,0.7773845791816711,0.8872495034818609,0.6520312583003717,0.46491026878356934,0.7144482460531074,0.6632629517815872,0.3056967854499817,0.6632928167892291,52,73.2
128,2,0.15,0.001,1e-06,32,300,50,47,0.477358028991206,0.7801758050918579,0.8964376003769596,0.6523688762645632,0.464356005191803,0.7216654021131756,0.6414971114187997,0.35051804780960083,0.7002465999845989,97,32.64
64,4,0.05,0.0001,1e-06,32,300,50,64,0.5943284981042933,0.6592466831207275,0.8160873377832335,0.6529942997746438,0.46332848072052,0.6968670118062434,0.6301065683300705,0.3733779191970825,0.6775364165150404,28,48.86
256,6,0.15,0.0001,1e-05,32,300,50,59,0.5377580921286035,0.7210278511047363,0.8665518161512662,0.6531264811594837,0.46311116218566895,0.7348725626249617,0.7075022609121909,0.20998859405517578,0.6807426095885603,227,156.05
256,2,0.05,0.0001,0.0001,32,300,50,45,0.49915698629024174,0.7596405148506165,0.8805933105099992,0.6551024303351601,0.459857702255249,0.7146611712958806,0.6702105731430628,0.29107511043548584,0.6722770632831757,165,59.87
128,4,0.15,0.0005,1e-05,32,300,50,53,0.47166348068163255,0.785389244556427,0.8945189553955508,0.655108526317154,0.459847629070282,0.723984311053887,0.6932415499442177,0.24151527881622314,0.6467332133150027,122,67.63
64,4,0.15,0.0005,0.0001,32,300,50,120,0.5540500793097571,0.7038682699203491,0.8496335345209556,0.6556899769297806,0.45888835191726685,0.7110771780229153,0.7138507804602888,0.1957472562789917,0.6394772125964197,42,84.51
128,6,0.2,0.001,1e-06,32,300,50,56,0.6322182820661431,0.6144141554832458,0.8145291999861972,0.6569435678005306,0.4568173289299011,0.6971603660816398,0.6922621090464651,0.24365699291229248,0.653732119718148,160,93.45
128,4,0.05,0.0005,1e-05,32,300,50,23,0.4909093700875346,0.7675178647041321,0.8824165802255838,0.6573035321220119,0.45622193813323975,0.709226730435417,0.7134320854820347,0.1966903805732727,0.646357664484589,113,34.44
256,6,0.15,0.0005,1e-05,32,300,50,23,0.7327646089371049,0.4820164442062378,0.7373152852030174,0.6585840996049918,0.454101026058197,0.7017144899355003,0.7707997435047216,0.06230670213699341,0.5561604841522234,230,103.88
128,6,0.05,0.0001,1e-06,32,300,50,45,0.5374846933092731,0.7213114500045776,0.8539664325002858,0.6591885940515191,0.45309847593307495,0.7050273585355741,0.6689069973630234,0.29383015632629395,0.6676612166268627,136,83.15
64,2,0.15,0.001,1e-06,32,300,50,40,0.5361346468868038,0.7227096557617188,0.8605628839164374,0.6601174698674475,0.45155608654022217,0.7026659890881874,0.7037484054479608,0.2183496356010437,0.6382240007542684,16,28.82
256,2,0.05,0.0001,1e-06,32,300,50,35,0.5495740227082934,0.7086336612701416,0.846304089667202,0.6603593006148885,0.4511541724205017,0.6946486238626505,0.659042886737904,0.31450384855270386,0.6747779887611491,163,54.02
256,4,0.05,0.0001,0.0001,32,300,50,23,0.5849979242467326,0.669861912727356,0.8332431844302512,0.6623732454572204,0.4478013515472412,0.7014236021274352,0.6830437763924394,0.26366615295410156,0.6686255248444133,192,76.17
128,6,0.2,0.0005,1e-05,32,300,50,54,0.5404837021271696,0.7181927561759949,0.8549971841644379,0.6629525501322723,0.4468350410461426,0.7118057870493029,0.7252665621612995,0.16981858015060425,0.6514067609200574,158,91.26
256,2,0.15,0.001,1e-05,32,300,50,30,0.569083208422699,0.6875802278518677,0.8642935242792578,0.6635797653359411,0.44578784704208374,0.7097409762979476,0.721829782035804,0.17766785621643066,0.6248862828212787,179,50.65
64,2,0.05,0.001,1e-06,32,300,50,54,0.37077291573321963,0.8673818707466125,0.9331850914306915,0.6648614901227765,0.4436448812484741,0.7267314282075299,0.7497936600721069,0.11271893978118896,0.6302577257473493,7,35.64
64,2,0.2,0.001,0.0001,32,300,50,57,0.5671816549709319,0.6896646022796631,0.8344750093737058,0.6658088833048119,0.44205814599990845,0.6855932624233128,0.6791778934073528,0.2719775438308716,0.6450224550718948,27,30.53
256,4,0.05,0.0001,1e-05,32,300,50,25,0.5503059663227672,0.707857072353363,0.8493095463762704,0.6658151274457099,0.442047655582428,0.6900479596071757,0.657669530269049,0.31735777854919434,0.6668589019019684,191,77.65
256,6,0.15,0.0001,1e-06,32,300,50,35,0.5806204575770548,0.6747841835021973,0.8273161399225396,0.6674394350757011,0.4393220543861389,0.6938526925432362,0.697184133175287,0.2328634262084961,0.6537757561141759,226,121.08
256,6,0.15,0.0001,0.0001,32,300,50,28,0.6184064200187726,0.6310776472091675,0.7970441818051471,0.6676191340797477,0.4390200972557068,0.6859526716707974,0.6697137359165156,0.29212576150894165,0.6618112988756347,228,111.86
256,6,0.2,0.0005,1e-06,32,300,50,50,0.5406039492968453,0.7180672883987427,0.877884152030486,0.6678733980708301,0.43859267234802246,0.7360612876397266,0.8142268829437309,-0.04632973670959473,0.5960326873056401,238,112.11
256,4,0.05,0.0001,1e-06,32,300,50,21,0.5934528058786579,0.6602501273155212,0.8190040887794254,0.6687902117609523,0.4370502829551697,0.6901532827507133,0.6524647583341743,0.3281198740005493,0.6897313211271935,190,73.35
128,4,0.05,0.0005,1e-06,32,300,50,25,0.5529586822119271,0.7050337791442871,0.8855160876151085,0.6688807546831073,0.436897873878479,0.7141104677775664,0.6759703707804094,0.27883774042129517,0.6733848641401452,112,35.32
256,2,0.05,0.0005,1e-05,32,300,50,22,0.5475984420414254,0.7107247114181519,0.8494479129384754,0.669752739110787,0.4354287385940552,0.6824782728220817,0.6607218243931063,0.31100672483444214,0.6614874015871955,167,45.44
128,2,0.05,0.0005,1e-06,32,300,50,39,0.48050870961821185,0.7772644758224487,0.8840746655321166,0.6707591393907713,0.4337307810783386,0.6925446060220004,0.6545158361467244,0.32388901710510254,0.6830657961506512,85,27.67
256,2,0.2,0.0005,1e-06,32,300,50,52,0.5324080691433294,0.7265510559082031,0.8746287513197819,0.6717566008816694,0.4320453405380249,0.699746015533061,0.6947656474086115,0.23817652463912964,0.650854750395166,184,64.97
128,4,0.2,0.001,1e-05,32,300,50,52,0.6555048026717146,0.5854864120483398,0.8190255393274407,0.6734039076992253,0.4292564392089844,0.6775540797947863,0.693175643432904,0.24165946245193481,0.6259235071097451,134,67.12
128,2,0.2,0.001,1e-06,32,300,50,60,0.4897143733058022,0.7686483263969421,0.8839007665887642,0.6748048199930903,0.42687922716140747,0.6890138227493376,0.6700536303620332,0.29140704870224,0.6484361248872836,106,33.98
256,4,0.15,0.0001,0.0001,32,300,50,34,0.5805521354493431,0.6748607158660889,0.825328345961722,0.6748402167985356,0.4268191456794739,0.6897840318255181,0.6915543823179457,0.2452026605606079,0.661862768480997,201,86.41
128,2,0.05,0.0005,0.0001,32,300,50,29,0.512747945354554,0.7463734149932861,0.8729608481258563,0.6757141917920486,0.42533355951309204,0.676191501044008,0.624497664757998,0.38448405265808105,0.674769323377892,87,24.59
64,2,0.15,0.0005,0.0001,32,300,50,54,0.4964117697894265,0.7622770667076111,0.8789793925865732,0.6760417458211405,0.42477625608444214,0.6755291452124126,0.6877158649713585,0.25355851650238037,0.625562855063761,15,32.38
256,4,0.2,0.0005,0.0001,32,300,50,52,0.5508337334050945,0.7072964310646057,0.8723159708051025,0.6765119538135663,0.4239758253097534,0.7385760385395631,0.8015600371741222,-0.014027595520019531,0.6318921645350967,213,106.51
64,4,0.05,0.0005,1e-06,32,300,50,27,0.5381034391295069,0.7206693887710571,0.8530914508250355,0.6775050366133519,0.42228347063064575,0.6785768025164862,0.6363104698958844,0.36097800731658936,0.6662080107097885,31,35.63
128,4,0.05,0.0001,1e-05,32,300,50,75,0.4804319197021854,0.7773356437683105,0.886651006261375,0.6775565450023278,0.4221956133842468,0.7014252574893418,0.71473150987649,0.19376146793365479,0.6583212224091001,110,59.32
128,4,0.05,0.0001,0.0001,32,300,50,40,0.5804597517627894,0.674964189529419,0.8278075829297402,0.6781315807603334,0.42121440172195435,0.6772187606238698,0.6555152140029529,0.3218227028846741,0.676413464611409,111,42.26
128,2,0.2,0.0005,1e-06,32,300,50,48,0.6201471757020667,0.628997802734375,0.8250895005579745,0.6783708118079582,0.42080599069595337,0.6901514772374473,0.6765921694128487,0.2775103449821472,0.6787734022892855,103,31.82
128,2,0.2,0.0005,0.0001,32,300,50,46,0.5543660320343644,0.7035303711891174,0.852407542797358,0.6796474444984308,0.4186239242553711,0.6906683348252804,0.6549702837078055,0.32294976711273193,0.6750385022802006,105,30.11
64,4,0.2,0.001,1e-05,32,300,50,85,0.5818262187124298,0.6734320521354675,0.8397504501368038,0.6810379424469336,0.4162425994873047,0.6717004834363992,0.6476493319704475,0.33800071477890015,0.6775882689465349,53,87.62
64,2,0.05,0.0005,1e-06,32,300,50,33,0.5618116882858158,0.6955131888389587,0.8458632316579822,0.6812423373150124,0.41589218378067017,0.6683617193992522,0.6212289531066945,0.3909105658531189,0.6826283784070655,4,33.79
256,2,0.15,0.0001,0.0001,32,300,50,32,0.652902010217798,0.5887717008590698,0.8041036292747097,0.6817908790930571,0.4149511456489563,0.6808485121631451,0.6684487832050261,0.29479730129241943,0.6759531903398993,174,53.03
128,2,0.05,0.0001,1e-06,32,300,50,57,0.5501732141663115,0.7079979777336121,0.8449117542257949,0.6820496695391921,0.4145069122314453,0.6746745889777752,0.662657856578359,0.3069630265235901,0.6653814063562918,82,33.53
128,2,0.15,0.0005,1e-05,32,300,50,60,0.5507268405309849,0.7074100375175476,0.8606205194922409,0.6820913753684027,0.41443532705307007,0.6967809043093379,0.7080900578577037,0.20867538452148438,0.6536448476693735,95,36.58
256,2,0.2,0.0005,0.0001,32,300,50,47,0.4833194398390395,0.774651050567627,0.8902604346770816,0.6827285086435071,0.41334086656570435,0.6858750591828219,0.6568066416050908,0.3191479444503784,0.6684988071035574,186,62.51
128,2,0.05,0.001,0.0001,32,300,50,26,0.4686658147873785,0.7881084680557251,0.8950207192059216,0.6833766047415445,0.41222649812698364,0.6795794294477613,0.6665772114778737,0.2987407445907593,0.6566771177115329,90,23.83
128,2,0.2,0.001,0.0001,32,300,50,56,0.5269129936483999,0.732166588306427,0.8747304859614016,0.6842720590101269,0.41068512201309204,0.6854395389325932,0.6966719678018497,0.2339901328086853,0.6514228403852047,108,33.07
64,6,0.05,0.0005,1e-05,32,300,50,50,0.43345899463979465,0.8187479376792908,0.9075955185554433,0.6843951731804796,0.4104730486869812,0.6807392629689887,0.6968183391783851,0.23366820812225342,0.6434864751561122,59,85.66
64,4,0.05,0.0005,0.0001,32,300,50,32,0.5314047812329672,0.7275806665420532,0.8551574679220453,0.6847104787518038,0.4099297523498535,0.6710354640493259,0.6957353741872971,0.2360484004020691,0.6374477177753789,33,36.33
256,4,0.2,0.0001,1e-05,32,300,50,46,0.5816259060772073,0.6736568808555603,0.8237061488621508,0.6863425438397067,0.4071134328842163,0.6682076619831524,0.6537352927543026,0.32550060749053955,0.6649229267204629,209,98.59
64,6,0.2,0.001,1e-06,32,300,50,38,0.6501810234427104,0.5921921730041504,0.8051516566352341,0.6864071743492399,0.4070017337799072,0.6820146007500621,0.822631826880495,-0.06804287433624268,0.5745263725477838,79,81.32
128,4,0.05,0.0001,1e-06,32,300,50,65,0.49600065664470955,0.762670636177063,0.875798021850531,0.6864469005306072,0.40693312883377075,0.6960644010449075,0.6725214132991046,0.28617799282073975,0.6800864491905957,109,54.3
64,6,0.05,0.0001,1e-06,32,300,50,58,0.6047951920297415,0.6471390724182129,0.8079108966379331,0.690105183918521,0.4005950093269348,0.6455937021401397,0.6401663743518075,0.35320985317230225,0.6633902721164701,55,91.14
128,4,0.2,0.0005,1e-06,32,300,50,57,0.5055543134339878,0.7534400224685669,0.8819400798129506,0.6902819830252335,0.4002878665924072,0.6992326895395461,0.7127466343773811,0.1982332468032837,0.6366341528849924,130,69.37
128,2,0.05,0.0005,1e-05,32,300,50,29,0.5229137134341958,0.7362169027328491,0.866601140747348,0.690523780551371,0.3998676538467407,0.6609894010982038,0.6611094393183659,0.3101980686187744,0.6550684343099393,86,24.48
64,2,0.15,0.001,0.0001,32,300,50,72,0.5133909320202861,0.7457368969917297,0.8707809492745171,0.6919564897124433,0.3973747491836548,0.6773833572648572,0.6630903870288625,0.30605804920196533,0.6710542017526715,18,38.36
128,6,0.2,0.001,0.0001,32,300,50,55,0.6000904551509303,0.6526075601577759,0.8341694082715928,0.6925364809377054,0.39636409282684326,0.6701941231922837,0.777213694365317,0.04663640260696411,0.6176892128454462,162,93.96
64,2,0.05,0.0001,0.0001,32,300,50,183,0.5368196573032354,0.7220006585121155,0.8522970475072495,0.6932043197692047,0.3951992988586426,0.6715535584808979,0.664501605992784,0.303101122379303,0.6700105661957346,3,92.48
128,6,0.15,0.0005,1e-05,32,300,50,71,0.4530397038912677,0.8020026087760925,0.9039482100301997,0.6934066541428944,0.3948461413383484,0.7005736652133538,0.7126792280745288,0.19838488101959229,0.6449427777354736,149,107.7
64,4,0.15,0.0001,1e-06,32,300,50,139,0.6355406270250517,0.6103509664535522,0.7935716124805182,0.6940925053375847,0.3936484456062317,0.6417348804165265,0.659948733968537,0.3126181364059448,0.6432140805414963,37,82.79
128,2,0.15,0.0005,1e-06,32,300,50,51,0.5195952354552623,0.7395542860031128,0.861858586246465,0.6942027590650935,0.3934558629989624,0.6754328110624206,0.6599552593455444,0.31260454654693604,0.6754058524252307,94,32.31
64,6,0.05,0.0005,0.0001,32,300,50,32,0.5095311352666206,0.7495457530021667,0.8698061135641911,0.6951198310941121,0.3918522596359253,0.6643919481582188,0.6515521654731948,0.3299980163574219,0.6689552550789546,60,70.37
64,6,0.05,0.001,0.0001,32,300,50,55,0.3713449531400214,0.8669723272323608,0.9314131852243639,0.6958420269436368,0.39058786630630493,0.6754770585683507,0.6866933902575694,0.25577640533447266,0.6780055055522491,63,95.68
128,2,0.05,0.0001,0.0001,32,300,50,44,0.5992665506766099,0.6535607576370239,0.8266260474961158,0.6993138126132888,0.38449162244796753,0.6518699717879612,0.6588006632394469,0.31500762701034546,0.6785806466472697,84,29.27
64,6,0.05,0.0001,1e-05,32,300,50,123,0.5349218593111031,0.7239627838134766,0.8514390830667666,0.7010743224731998,0.38138866424560547,0.6586997574060401,0.6886139428259738,0.2516077160835266,0.6364955847092468,56,142.64
64,4,0.15,0.0005,1e-05,32,300,50,51,0.5643356359363109,0.6927711963653564,0.8574271362552975,0.7016196985865105,0.3804258108139038,0.6633886223827008,0.6566864560464687,0.31939709186553955,0.6690042835326827,41,57.02
256,2,0.2,0.0001,1e-05,32,300,50,46,0.6214537387012644,0.6274328231811523,0.7981414151976486,0.7029191033577946,0.3781287670135498,0.6412221287615303,0.6606661390561648,0.3111228346824646,0.6530581196658738,182,60.75
128,2,0.2,0.0001,0.0001,32,300,50,95,0.6342335980301499,0.6119519472122192,0.8125546903524853,0.7048927760932849,0.37463170289993286,0.6628313792933134,0.6874603346739582,0.2541131377220154,0.6564966569180585,102,47.86
128,2,0.15,0.0005,0.0001,32,300,50,31,0.6060324966936355,0.6456937789916992,0.8217177036394805,0.7058972279416533,0.37284815311431885,0.6275120822701147,0.6504681744322107,0.3322255611419678,0.6412075466402737,96,27.15
64,2,0.15,0.0005,1e-05,32,300,50,44,0.6268469224386743,0.620938241481781,0.8003031994483579,0.7065328875430797,0.3717181086540222,0.6262143034664811,0.6435737896459057,0.3463062047958374,0.6582368659467479,14,30.43
128,4,0.15,0.0001,1e-06,32,300,50,108,0.5915770169515725,0.6623944640159607,0.8242203190286927,0.7067435928151454,0.37134331464767456,0.6602951867462792,0.6584498907877776,0.31573688983917236,0.6686234059898182,118,104.38
256,2,0.15,0.0001,1e-05,32,300,50,39,0.5927938995097621,0.6610041260719299,0.8173518623211036,0.7070866136319334,0.37073296308517456,0.6454820904890104,0.6869068621533831,0.2553136348724365,0.6399405671063797,173,56.43
64,6,0.15,0.0001,0.0001,32,300,50,94,0.6380033347915623,0.6073253154754639,0.7849180393062969,0.7074917721354169,0.3700116276741028,0.6298254721408463,0.7101882088061852,0.20397883653640747,0.5910965028776861,66,136.89
64,4,0.05,0.0001,1e-05,32,300,50,72,0.6106121025948943,0.640318751335144,0.8030215337333891,0.7093685990099379,0.36666470766067505,0.6355824409107125,0.6625798896988249,0.30712610483169556,0.6547684210733267,29,53.5
256,2,0.2,0.0001,0.0001,32,300,50,36,0.6586430378454916,0.5815080404281616,0.773463004598891,0.7109356136087396,0.363863468170166,0.6301306809825402,0.6894445013528159,0.24980127811431885,0.6234391543591532,183,54.14
64,2,0.05,0.0001,1e-06,32,300,50,165,0.6111173174884911,0.6397233009338379,0.8027356782091546,0.7121419659562662,0.3617027997970581,0.6326262507249312,0.6412850445472037,0.35094738006591797,0.6593159010112375,1,79.37
128,6,0.05,0.001,1e-05,32,300,50,65,0.5404802007198299,0.7181963920593262,0.8928329066147492,0.7124245151889596,0.36119621992111206,0.7331967426944772,0.8320329692983996,-0.09259390830993652,0.5944034084851515,143,104.0
64,4,0.15,0.001,1e-05,32,300,50,59,0.5721807579672521,0.6841698884963989,0.8340908124315181,0.713134222347127,0.3599228858947754,0.6348986450530839,0.666074509688417,0.29979807138442993,0.6405225499640166,44,71.96
64,6,0.2,0.0005,0.0001,32,300,50,42,0.626452831649683,0.6214147210121155,0.7921222331158961,0.715167488208205,0.35626769065856934,0.6155855089525262,0.6613560219483983,0.3096834421157837,0.6188445709277304,78,90.1
128,4,0.2,0.0001,1e-06,32,300,50,60,0.6413645313741612,0.6031769514083862,0.7844117246357923,0.7157693092734193,0.35518383979797363,0.6281565273136716,0.7142664762017928,0.19481027126312256,0.5997231081535326,127,71.76
256,2,0.05,0.0001,1e-05,32,300,50,34,0.5338823791740619,0.7250345349311829,0.8519516279051005,0.7172740626402379,0.352469801902771,0.6604220874373258,0.6770366628163279,0.27656078338623047,0.6759090314562031,164,52.5
64,6,0.15,0.0001,1e-05,32,300,50,83,0.6744134765410342,0.5612274408340454,0.7608932079546749,0.717400403304315,0.3522416353225708,0.6132982861278693,0.6593493886014338,0.3138660788536072,0.636344653994968,65,126.03
128,6,0.15,0.0001,0.0001,32,300,50,48,0.6762095510827656,0.558887243270874,0.7886884393460549,0.7175898102965019,0.3518996238708496,0.6541572602184932,0.7571686044335542,0.09517854452133179,0.6314820142142243,147,86.65
128,6,0.15,0.0001,1e-05,32,300,50,56,0.6445730253610658,0.5991967916488647,0.7888724776116942,0.7199731453549838,0.3475874066352844,0.6277571183553281,0.7113270792568508,0.2014237642288208,0.6429258879965154,146,95.28
128,4,0.2,0.0001,0.0001,32,300,50,76,0.6512520386632835,0.5908475518226624,0.7899418611095315,0.7215944066846947,0.34464579820632935,0.6452906040547158,0.708847453029287,0.2069815993309021,0.6424237367237022,129,83.39
256,6,0.2,0.0001,0.0001,32,300,50,53,0.6329484722850975,0.613523006439209,0.7962458091612528,0.7232217586474368,0.34168654680252075,0.6483747600458746,0.7180870564714591,0.18617337942123413,0.6496920885799589,237,123.81
128,2,0.15,0.0001,1e-05,32,300,50,71,0.5798926522540175,0.6755989789962769,0.8230972634770907,0.725706806614991,0.337154746055603,0.6449569334277125,0.6912226028945518,0.24592673778533936,0.6416585535036405,92,37.76
128,6,0.2,0.001,1e-05,32,300,50,62,0.5650875657510083,0.6919519901275635,0.8576702922718511,0.7258524963427425,0.33688855171203613,0.6698057459927296,0.83323342598616,-0.0957489013671875,0.5567369702244327,161,99.58
128,2,0.2,0.0001,1e-06,32,300,50,53,0.6840430608699823,0.5486080050468445,0.7591882330166843,0.7260596473324541,0.3365100026130676,0.609180173605439,0.7360991670931071,0.14483416080474854,0.5925234710695365,100,34.37
256,4,0.05,0.0005,1e-06,32,300,50,45,0.6386961392800953,0.6064721345901489,0.88009315160268,0.7261861421149025,0.3362787961959839,0.7489376927147535,0.9046161985877126,-0.2915356159210205,0.6173600750173727,193,99.09
64,2,0.15,0.0001,1e-06,32,300,50,82,0.7199719035441629,0.49994468688964844,0.7339697458915414,0.7262729765233387,0.336120069026947,0.5921389796626444,0.7210017466927374,0.17955338954925537,0.5791704983474653,10,61.1
128,6,0.15,0.0001,1e-06,32,300,50,66,0.6658624154003229,0.5722835659980774,0.7764765857527586,0.7277516304136756,0.3334140181541443,0.6237774484228009,0.7200655300731228,0.18168270587921143,0.6154686489981306,145,101.66
128,2,0.15,0.0001,1e-06,32,300,50,58,0.6611517673857404,0.578313946723938,0.7866798400313106,0.7287075004813536,0.33166182041168213,0.6315239430695254,0.7116544692388621,0.20068854093551636,0.6285446939437769,91,34.18
128,6,0.05,0.0001,0.0001,32,300,50,46,0.5840176984280347,0.6709673404693604,0.8241135286430584,0.7287832387341973,0.33152294158935547,0.6284814380003247,0.6823958445990448,0.26506245136260986,0.6539037676605293,138,84.36
256,2,0.2,0.0001,1e-06,32,300,50,51,0.6640297825551266,0.5746346712112427,0.8002703957267481,0.7297177865974144,0.3298074007034302,0.6556072473903728,0.7106984333891139,0.20283466577529907,0.6653679382952837,181,63.65
64,2,0.2,0.0001,1e-05,32,300,50,87,0.7479329632512882,0.4603498578071594,0.7269461797841963,0.7299773659528539,0.3293305039405823,0.606453873720389,0.7484148280904787,0.11597925424575806,0.5668942371335611,20,43.56
128,6,0.2,0.0001,1e-06,32,300,50,54,0.6895130336766118,0.5413600206375122,0.759885780561879,0.7312970284883462,0.32690340280532837,0.6017108459728389,0.7189765656012006,0.18415594100952148,0.609338186729646,154,92.06
64,2,0.15,0.0005,1e-06,32,300,50,44,0.6184795713450878,0.6309903860092163,0.8097588140990746,0.7328242709713112,0.3240891098976135,0.6052469294014224,0.665094404116571,0.3018571734428406,0.6573719642091658,13,28.65
256,6,0.2,0.0001,1e-05,32,300,50,57,0.6354557452666175,0.6104550361633301,0.7886517272949458,0.7339709367481152,0.32197219133377075,0.6160509871100327,0.6961060613877128,0.2352340817451477,0.6291862064262874,236,125.2
64,2,0.2,0.001,1e-06,32,300,50,39,0.650079051125867,0.5923200845718384,0.7877023087965569,0.7346533795558311,0.32071077823638916,0.5761544137037328,0.6200458635778997,0.39322829246520996,0.6444135981054128,25,25.81
256,4,0.15,0.001,0.0001,32,300,50,34,0.6268809862316921,0.6208970546722412,0.8389497507943018,0.7373026664655662,0.3158026337623596,0.6408154756864544,0.8862453322832428,-0.23961150646209717,0.5311201781006509,207,86.15
128,2,0.2,0.0001,1e-05,32,300,50,73,0.6966880521921823,0.5317652225494385,0.7734340733081162,0.7383798200412197,0.3138021230697632,0.6204634017480422,0.726147071451713,0.1678016185760498,0.6312039461448817,101,41.01
64,2,0.2,0.0005,1e-05,32,300,50,42,0.6614810584262122,0.5778937339782715,0.7707134678193786,0.7426616559513066,0.3058205246925354,0.5785605584890848,0.6747817216379601,0.28137171268463135,0.6170387121432338,23,27.74
64,4,0.15,0.0001,0.0001,32,300,50,66,0.7023387963923333,0.5241388082504272,0.7296979921869606,0.7427669070466069,0.30562371015548706,0.567940247931718,0.6949065019645085,0.2378675937652588,0.554306392451135,39,73.36
128,2,0.15,0.0001,0.0001,32,300,50,60,0.668519824515122,0.568862795829773,0.7895284792862902,0.7432625864415059,0.3046966791152954,0.5995754712288662,0.6938423301497726,0.24020004272460938,0.6298781333933161,93,33.85
64,4,0.05,0.0001,0.0001,32,300,50,231,0.6812621762998639,0.5522707104682922,0.7544482294745315,0.7434081229474505,0.30442434549331665,0.5703916338528523,0.7191929488906783,0.18366479873657227,0.5833850768766748,30,125.26
128,4,0.15,0.0001,0.0001,32,300,50,67,0.6970444015770645,0.5312861204147339,0.7709145317699411,0.7441307728032592,0.30307137966156006,0.5997408431052929,0.7282027731031983,0.16308307647705078,0.6122978402787576,120,76.99
256,4,0.15,0.0001,1e-06,32,300,50,40,0.6415838880731843,0.6029055118560791,0.8016165812882349,0.7448087481338359,0.30180084705352783,0.610832169135465,0.7131041324648199,0.19742876291275024,0.640961825939441,199,92.94
128,4,0.15,0.0001,1e-05,32,300,50,58,0.6591855875386998,0.5808182954788208,0.7952898564102987,0.7448481202682536,0.3017270565032959,0.6205886187875314,0.7306477536459254,0.15745365619659424,0.6439213203120012,119,70.48
64,4,0.15,0.0001,1e-05,32,300,50,88,0.6578543217065826,0.5825096368789673,0.772678471805873,0.7450885892207019,0.3012760877609253,0.5894878444930117,0.6915980789540683,0.24510729312896729,0.6112851867668201,38,61.92
128,2,0.2,0.0005,1e-05,32,300,50,25,0.6415653770148148,0.6029284000396729,0.7926379630509398,0.7456732158947387,0.30017924308776855,0.59241648897128,0.7007026271029331,0.22510087490081787,0.6203239498270943,104,23.41
64,6,0.2,0.0001,1e-06,32,300,50,110,0.7055721718311685,0.519747257232666,0.734250348282351,0.7457640553555634,0.3000086545944214,0.5713381515321305,0.7181298856510936,0.1860763430595398,0.5615706951472628,73,156.0
64,2,0.2,0.0005,1e-06,32,300,50,56,0.5804724332505193,0.6749500036239624,0.8304009330773777,0.7459396682535149,0.2996789813041687,0.5974008688657297,0.719941354323504,0.1819649338722229,0.5920345381652576,22,31.54
64,2,0.2,0.0005,0.0001,32,300,50,41,0.6420478836099551,0.6023309230804443,0.7820299284036638,0.7472416301091355,0.29723215103149414,0.5808071476473011,0.6767481903669206,0.277177095413208,0.6140816618973297,24,25.82
128,4,0.15,0.001,0.0001,32,300,50,50,0.5785501051266645,0.677099347114563,0.8511778659836909,0.7487380616855484,0.29441457986831665,0.6313843336949618,0.8565522043471563,-0.1579381227493286,0.5341252937891434,126,65.37
128,6,0.2,0.0001,0.0001,32,300,50,51,0.7124218797521615,0.5103774070739746,0.7437749328586218,0.7502342494085402,0.2915918231010437,0.5938761993522814,0.7578823411357274,0.0934719443321228,0.5888530608833005,156,89.33
128,4,0.15,0.001,1e-05,32,300,50,23,0.7014463519697139,0.5253473520278931,0.7473265614205253,0.751455365196171,0.2892839312553406,0.578386584604993,0.7857649232598445,0.025542378425598145,0.5307357867535443,125,49.06
256,4,0.15,0.0005,0.0001,32,300,50,50,0.6962226739722589,0.5323905348777771,0.8204617532850399,0.753690738214549,0.2850492596626282,0.6677165666727729,0.7662377143982656,0.07337343692779541,0.6545296254502974,204,104.14
128,4,0.2,0.0001,1e-05,32,300,50,43,0.6999207920151669,0.5274097919464111,0.7331576844984036,0.7541401554597417,0.2841963768005371,0.5484042385345835,0.7304273787425827,0.15796184539794922,0.5261312332584391,128,61.73
128,4,0.2,0.001,0.0001,32,300,50,58,0.6744451158291707,0.5611863136291504,0.7724828509668196,0.7556832278323894,0.28126412630081177,0.5916574617393862,0.7726376183156307,0.05782973766326904,0.5791130498483195,135,71.5
64,4,0.15,0.0005,1e-06,32,300,50,74,0.6111723972666002,0.6396583914756775,0.807005572905104,0.7568460968320151,0.27905040979385376,0.5961249871060332,0.7073129335182845,0.21041136980056763,0.6416751994767935,40,76.48
64,6,0.2,0.0001,1e-05,32,300,50,94,0.7248602995614466,0.493131160736084,0.7075509692819832,0.7573696297484925,0.2780526280403137,0.5475527536389589,0.7256818787512537,0.16886752843856812,0.5276149977359657,74,141.2
64,2,0.2,0.0001,0.0001,32,300,50,120,0.7461838592918476,0.46287089586257935,0.718606629914174,0.7618332996800973,0.269517719745636,0.5533496845202351,0.7240389406259339,0.17262661457061768,0.5957141144331344,21,52.77
256,2,0.15,0.001,1e-06,32,300,50,38,0.6582333475752753,0.5820284485816956,0.8098526765655782,0.7640298067989135,0.26529937982559204,0.6258070017936211,0.7582153743833367,0.09267503023147583,0.6322303800661326,178,55.57
256,4,0.2,0.0001,1e-06,32,300,50,29,0.7155253595007333,0.5061023235321045,0.7531896705644324,0.7716365229594248,0.25059717893600464,0.5714467705481179,0.7453150655194478,0.1232869029045105,0.5931644196408986,208,81.36
64,2,0.15,0.0001,1e-05,32,300,50,48,0.8421857957698868,0.315768837928772,0.5907574789286633,0.7722976454105563,0.24931252002716064,0.5026402880857861,0.770290600386063,0.06354504823684692,0.4162635610768467,11,40.32
256,4,0.2,0.0001,0.0001,32,300,50,25,0.7577998366723447,0.44601762294769287,0.7214190356049973,0.7794613389783643,0.23532140254974365,0.5502694312399385,0.7938460209356042,0.005395948886871338,0.5489665277683838,210,77.98
256,6,0.15,0.0005,1e-06,32,300,50,42,0.7030937187865894,0.5231152772903442,0.7739059213035218,0.7797066894493807,0.23483997583389282,0.6148589118046768,0.891596949754463,-0.2546275854110718,0.5417268318418201,229,132.06
64,2,0.2,0.0001,1e-06,32,300,50,77,0.8306015697931951,0.33446258306503296,0.6425474921944327,0.7807933998956559,0.23270559310913086,0.5001384158308132,0.7853964063491767,0.026456177234649658,0.4423975016654904,19,39.56
64,6,0.2,0.0001,0.0001,32,300,50,130,0.8225887144068158,0.3472416400909424,0.6093180518558137,0.7815728092848285,0.23117297887802124,0.48291208029493227,0.7781181503668504,0.044416189193725586,0.40550095332499836,75,175.3
64,4,0.2,0.0005,0.0001,32,300,50,84,0.65163097159033,0.5903712511062622,0.787334400776367,0.7844105685858987,0.22557991743087769,0.5401457152791576,0.7054465432965066,0.21457284688949585,0.6030149307012052,51,87.35
256,2,0.15,0.0001,1e-06,32,300,50,22,0.7617355736072826,0.4402482509613037,0.7044959267003461,0.7923033981263852,0.2099168300628662,0.49288761277902066,0.7817819691541988,0.03539615869522095,0.49729414373897507,172,45.89
64,2,0.2,0.001,1e-05,32,300,50,70,0.7727087807227642,0.42400503158569336,0.7425997857170419,0.7926944201765216,0.20913678407669067,0.5471663415954908,0.7794113648717365,0.0412372350692749,0.5649993307891088,26,35.16
64,4,0.2,0.0001,0.0001,32,300,50,45,0.8405771646042279,0.31838029623031616,0.6083080594581654,0.7931024222621115,0.2083224654197693,0.4575320814059637,0.8005311156592677,-0.011425971984863281,0.3667308755491564,48,62.55
256,4,0.15,0.001,1e-06,32,300,50,25,0.7332126671683824,0.4813828468322754,0.7320898968728324,0.7955304564754407,0.20346766710281372,0.536679004635971,0.7900261235444819,0.014944732189178467,0.5365301944708356,205,76.64
64,4,0.2,0.0001,1e-06,32,300,50,46,0.8280499622248909,0.3385453224182129,0.6126430514693446,0.7985613314460397,0.1973867416381836,0.4450800287085014,0.7815480998656221,0.035973191261291504,0.38104774480743386,46,61.8
64,6,0.15,0.0001,1e-06,32,300,50,31,0.8520700534510097,0.2996138334274292,0.5915432659215859,0.8008244200444327,0.19283121824264526,0.44254633804892973,0.7780073390996984,0.04468834400177002,0.33567527677883624,64,75.29
64,4,0.2,0.0001,1e-05,32,300,50,55,0.8547820030284116,0.2951483130455017,0.6072083276999225,0.8036289845396166,0.1871677041053772,0.44770442498206514,0.8390256223619506,-0.11103594303131104,0.3630031586344526,47,67.78
256,6,0.05,0.0005,0.0001,32,300,50,51,0.6400663917720437,0.6047817468643188,0.8854939931977794,0.8037169075022236,0.18698984384536743,0.6911003486790162,0.9289944413576242,-0.3620840311050415,0.5808253265676601,222,145.72
64,2,0.15,0.0001,0.0001,32,300,50,41,0.8608937108695793,0.2850329279899597,0.5614054117873714,0.8256951076938741,0.14191722869873047,0.3827594775380546,0.7878200455893991,0.020438432693481445,0.3452723741926538,12,29.29
128,6,0.2,0.0001,1e-05,32,300,50,35,0.8160754542059193,0.35753780603408813,0.6621461401658119,0.8282870008250636,0.13652163743972778,0.42576470676695166,0.8324902481790963,-0.09379518032073975,0.4170025841102821,155,74.55
256,2,0.05,0.001,0.0001,32,300,50,7,0.9361786431392058,0.15451788902282715,0.4667827457205329,0.8293909437289949,0.13421845436096191,0.39716692902934086,0.7641670982362394,0.07837474346160889,0.34095659916045296,171,35.88
64,2,0.05,0.0001,1e-05,32,300,50,23,0.894195560285945,0.22864913940429688,0.5178670246472102,0.8295687919222318,0.13384711742401123,0.37459518928622504,0.771557613711144,0.06046187877655029,0.3573489962816392,2,21.63
256,2,0.2,0.001,0.0001,32,300,50,25,0.7830785714137604,0.40844154357910156,0.7673471120607722,0.8331630691793536,0.12632524967193604,0.5661856202360291,0.8028816774824976,-0.017374277114868164,0.5978748316803348,189,46.99
256,2,0.2,0.001,1e-06,32,300,50,47,0.715141901260261,0.5066314935684204,0.783857525282019,0.8394575428657851,0.11307430267333984,0.5938703796668064,0.831680152136483,-0.09166741371154785,0.5994880526389079,187,61.7
256,2,0.05,0.001,1e-06,32,300,50,7,0.9572525391384351,0.116024911403656,0.5021383102991022,0.840961617216456,0.10989326238632202,0.37111239637306415,0.8023794832973499,-0.016102075576782227,0.35624287851254555,169,36.11
256,6,0.2,0.0005,0.0001,32,300,50,13,1.0377640032098012,-0.03892481327056885,0.4572462711952884,0.8866844674763913,0.010472297668457031,0.3717517618380629,0.8071799334246367,-0.028296589851379395,0.35032111869477744,240,70.84
256,4,0.05,0.001,1e-05,32,300,50,6,1.0365760710790732,-0.03654778003692627,0.46742142368669265,0.8884339066364668,0.006563723087310791,0.4066369840572198,0.8052259699052579,-0.023324131965637207,0.3810816375692617,197,57.12
256,4,0.2,0.001,1e-06,32,300,50,10,1.0327914883644764,-0.028992652893066406,0.4427101688842542,0.8900726345512013,0.002895534038543701,0.27312617346184237,0.8024136907445937,-0.016188621520996094,0.3729319442321689,214,61.99
256,6,0.15,0.001,1e-05,32,300,50,2,1.0400156797547535,-0.04343819618225098,0.3594443353041683,0.8906901151712266,0.0015116333961486816,0.4228414611215303,0.8081436378707685,-0.030753493309020996,0.2926186746771666,233,74.46
256,4,0.2,0.001,1e-05,32,300,50,2,1.043300961509195,-0.0500408411026001,0.40362454241895346,0.890692156217323,0.0015069842338562012,0.3132147357150713,0.8108338365099118,-0.037627339363098145,0.421711986739675,215,53.92
256,4,0.15,0.001,1e-05,32,300,50,14,1.0419166773542057,-0.0472562313079834,0.38488863929990536,0.8907704485532951,0.0013314485549926758,0.27662113594328785,0.8097962730190994,-0.03497350215911865,0.30812689855736697,206,65.84
256,6,0.15,0.001,1e-06,32,300,50,8,1.0414391777859746,-0.04629659652709961,0.33683868570035813,0.8908235429012287,0.0012124180793762207,0.3581099689895102,0.8095417454813568,-0.03432297706604004,0.19278773980321628,232,82.76
256,6,0.2,0.001,0.0001,32,300,50,7,1.0446706879929308,-0.05279982089996338,0.30244696933551035,0.8908744596498686,0.0010982155799865723,0.30824900834825275,0.8124206210755031,-0.04169261455535889,0.16738934644417466,243,79.12
256,6,0.2,0.001,1e-05,32,300,50,2,1.045419335714749,-0.05430924892425537,0.4434927240485731,0.8908877068945201,0.0010685324668884277,0.3757420140296732,0.8128818934941846,-0.04287576675415039,0.4143613939296246,242,57.41
256,6,0.2,0.001,1e-06,32,300,50,7,1.0451515016748754,-0.05376899242401123,0.35684301622916204,0.8910906728724487,0.0006133317947387695,0.33227541962851104,0.8127687449926418,-0.04258549213409424,0.21564649896400662,241,62.61
256,4,0.2,0.001,0.0001,32,300,50,2,1.0378632472587013,-0.03912365436553955,0.2647488355265009,0.8910937497859542,0.0006064176559448242,0.2479546603018944,0.8061325653071356,-0.025629758834838867,0.35457570527575044,216,53.29
256,4,0.05,0.001,1e-06,32,300,50,4,1.0380261063940261,-0.03944969177246094,0.36203192370156356,0.89124992263601,0.0002561211585998535,0.32780064395225994,0.8065158479626945,-0.02660524845123291,0.29373415271213055,196,54.97
256,6,0.05,0.001,1e-05,32,300,50,4,1.0494611878980946,-0.0624774694442749,0.29329960284003587,0.8915762589573292,-0.0004762411117553711,0.2789039943210794,0.8166934881541819,-0.052678823471069336,0.16101581639415852,224,77.09
256,6,0.15,0.001,0.0001,32,300,50,5,1.030841284011693,-0.02511012554168701,0.29433597892843494,0.8924930790758395,-0.0025348663330078125,0.2773339966823374,0.8011093583957136,-0.012887716293334961,0.14881141370366946,234,78.91
256,6,0.05,0.001,1e-06,32,300,50,5,1.030628248108973,-0.024686574935913086,0.32421222995041576,0.8928212308473461,-0.0032721757888793945,0.3446029376484887,0.8007847483488753,-0.012066960334777832,0.23615536593090453,223,79.58
256,6,0.05,0.001,0.0001,32,300,50,3,1.0272736035901027,-0.01802682876586914,0.34230156498589537,0.8940800024224113,-0.006103157997131348,0.29248550939397105,0.7985903285727057,-0.0065277814865112305,0.21533015513518655,225,75.84
